Confirmed,Deaths,Recovered,Active,Date,Confirmed_brutincidence,Confirmed_MMincidence,Confirmed_eMMincidence,Deaths_brutincidence,Deaths_MMincidence,Deaths_eMMincidence,Recovered_brutincidence,Recovered_MMincidence,Recovered_eMMincidence,Active_brutincidence,Active_MMincidence,Active_eMMincidence
0,0,0,0,2020-01-22,0,0.0,0.0,0,0.0,0.0,0,0.0,0.0,0,0.0,0.0
0,0,0,0,2020-01-23,0,0.0,0.0,0,0.0,0.0,0,0.0,0.0,0,0.0,0.0
0,0,0,0,2020-01-24,0,0.0,0.0,0,0.0,0.0,0,0.0,0.0,0,0.0,0.0
0,0,0,0,2020-01-25,0,0.0,0.0,0,0.0,0.0,0,0.0,0.0,0,0.0,0.0
0,0,0,0,2020-01-26,0,0.0,0.0,0,0.0,0.0,0,0.0,0.0,0,0.0,0.0
0,0,0,0,2020-01-27,0,0.0,0.0,0,0.0,0.0,0,0.0,0.0,0,0.0,0.0
0,0,0,0,2020-01-28,0,0.0,0.0,0,0.0,0.0,0,0.0,0.0,0,0.0,0.0
0,0,0,0,2020-01-29,0,0.0,0.0,0,0.0,0.0,0,0.0,0.0,0,0.0,0.0
0,0,0,0,2020-01-30,0,0.0,0.0,0,0.0,0.0,0,0.0,0.0,0,0.0,0.0
2,0,0,2,2020-01-31,2,0.3,0.2,0,0.0,0.0,0,0.0,0.0,2,0.3,0.2
2,0,0,2,2020-02-01,0,0.3,0.18,0,0.0,0.0,0,0.0,0.0,0,0.3,0.18
2,0,0,2,2020-02-02,0,0.3,0.16,0,0.0,0.0,0,0.0,0.0,0,0.3,0.16
16,0,0,16,2020-02-03,14,2.3,1.55,0,0.0,0.0,0,0.0,0.0,14,2.3,1.55
16,0,0,16,2020-02-04,0,2.3,1.39,0,0.0,0.0,0,0.0,0.0,0,2.3,1.39
18,0,0,18,2020-02-05,2,2.6,1.45,0,0.0,0.0,0,0.0,0.0,2,2.6,1.45
18,0,0,18,2020-02-06,0,2.6,1.31,0,0.0,0.0,0,0.0,0.0,0,2.6,1.31
18,0,0,18,2020-02-07,0,2.3,1.18,0,0.0,0.0,0,0.0,0.0,0,2.3,1.18
26,0,0,26,2020-02-08,8,3.4,1.86,0,0.0,0.0,0,0.0,0.0,8,3.4,1.86
28,0,0,28,2020-02-09,2,3.7,1.87,0,0.0,0.0,0,0.0,0.0,2,3.7,1.87
14,0,0,14,2020-02-10,0,1.7,1.69,0,0.0,0.0,0,0.0,0.0,0,1.7,1.69
30,0,0,30,2020-02-11,16,4.0,3.12,0,0.0,0.0,0,0.0,0.0,16,4.0,3.12
32,0,2,30,2020-02-12,2,4.0,3.01,0,0.0,0.0,2,0.3,0.2,0,3.7,2.81
34,0,2,32,2020-02-13,2,4.3,2.9,0,0.0,0.0,0,0.3,0.18,2,4.0,2.72
36,0,2,34,2020-02-14,2,4.6,2.81,0,0.0,0.0,0,0.3,0.16,2,4.3,2.65
36,0,2,34,2020-02-15,0,3.4,2.53,0,0.0,0.0,0,0.3,0.15,0,3.1,2.39
36,0,16,20,2020-02-16,0,3.1,2.28,0,0.0,0.0,14,2.3,1.53,0,2.9,2.15
38,0,16,22,2020-02-17,2,3.4,2.25,0,0.0,0.0,0,2.3,1.38,2,3.1,2.13
38,0,16,22,2020-02-18,0,1.1,2.03,0,0.0,0.0,0,2.3,1.24,0,0.9,1.92
40,0,16,24,2020-02-19,2,1.1,2.02,0,0.0,0.0,0,2.0,1.12,2,1.1,1.93
44,0,16,28,2020-02-20,4,1.4,2.22,0,0.0,0.0,0,2.0,1.0,4,1.4,2.14
46,0,16,30,2020-02-21,2,1.4,2.2,0,0.0,0.0,0,2.0,0.9,2,1.4,2.12
46,0,16,30,2020-02-22,0,1.4,1.98,0,0.0,0.0,0,2.0,0.81,0,1.4,1.91
56,0,16,40,2020-02-23,10,2.9,2.78,0,0.0,0.0,0,0.0,0.73,10,2.9,2.72
60,0,16,44,2020-02-24,4,3.1,2.9,0,0.0,0.0,0,0.0,0.66,4,3.1,2.85
68,0,16,52,2020-02-25,8,4.3,3.41,0,0.0,0.0,0,0.0,0.59,8,4.3,3.36
74,0,16,58,2020-02-26,6,4.9,3.67,0,0.0,0.0,0,0.0,0.53,6,4.9,3.63
88,0,16,72,2020-02-27,14,6.3,4.7,0,0.0,0.0,0,0.0,0.48,14,6.3,4.66
112,0,16,96,2020-02-28,24,9.4,6.63,0,0.0,0.0,0,0.0,0.43,24,9.4,6.6
61,0,8,53,2020-02-29,0,9.4,5.97,0,0.0,0.0,0,0.0,0.39,0,9.4,5.94
188,0,16,172,2020-03-01,127,26.1,18.07,0,0.0,0.0,8,1.1,1.15,119,25.0,17.24
268,0,16,252,2020-03-02,80,37.0,24.27,0,0.0,0.0,0,1.1,1.04,80,35.9,23.52
378,0,16,362,2020-03-03,110,51.6,32.84,0,0.0,0.0,0,1.1,0.93,110,50.4,32.17
491,0,16,475,2020-03-04,113,66.9,40.86,0,0.0,0.0,0,1.1,0.84,113,65.7,40.25
295,0,16,279,2020-03-05,0,64.9,36.77,0,0.0,0.0,0,1.1,0.75,0,63.7,36.23
747,2,16,729,2020-03-06,452,126.0,78.29,2,0.3,0.2,0,1.1,0.68,450,124.6,77.6
857,4,36,817,2020-03-07,110,141.7,81.46,2,0.6,0.38,20,4.0,2.61,88,137.1,78.64
965,4,36,925,2020-03-08,108,139.0,84.12,0,0.6,0.34,0,2.9,2.35,108,135.6,81.58
630,3,18,609,2020-03-09,0,127.6,75.71,0,0.6,0.31,0,2.9,2.12,0,124.1,73.42
1776,14,37,1725,2020-03-10,1146,275.6,182.74,11,2.1,1.38,19,5.6,3.8,1116,267.9,177.68
1301,7,19,1275,2020-03-11,0,259.4,164.46,0,2.1,1.24,0,5.6,3.42,0,251.7,159.91
3577,18,37,3522,2020-03-12,2276,584.6,375.62,11,3.7,2.22,18,8.1,4.88,2247,572.7,368.62
4536,20,37,4479,2020-03-13,959,657.0,433.95,2,3.7,2.19,0,8.1,4.39,957,645.1,427.46
5264,57,37,5170,2020-03-14,728,745.3,463.36,37,8.7,5.67,0,5.3,3.95,691,731.3,453.81
6149,86,37,6026,2020-03-15,885,856.3,505.52,29,12.9,8.01,0,5.3,3.56,856,838.1,494.03
3692,66,21,3605,2020-03-16,0,856.3,454.97,0,12.9,7.21,0,5.3,3.2,0,838.1,444.63
4462,164,53,4245,2020-03-17,770,802.6,486.47,98,25.3,16.29,32,7.1,6.08,640,770.1,464.16
10918,232,132,10554,2020-03-18,6456,1724.9,1083.43,68,35.0,21.46,79,18.4,13.37,6309,1671.4,1048.65
6533,321,132,6080,2020-03-19,0,1399.7,975.08,89,46.1,28.21,0,15.9,12.04,0,1350.4,943.78
7791,389,132,7270,2020-03-20,1258,1442.4,1003.38,68,55.6,32.19,0,15.9,10.83,1190,1383.7,968.41
17963,503,132,17328,2020-03-21,10172,2791.6,1920.24,114,66.6,40.37,0,15.9,9.75,10058,2721.9,1877.36
20728,574,132,20022,2020-03-22,2765,3060.1,2004.71,71,72.6,43.43,0,15.9,8.77,2694,2984.4,1959.03
25412,724,132,24556,2020-03-23,4684,3729.3,2272.64,150,94.0,54.09,0,15.9,7.9,4534,3632.1,2216.53
15126,1021,140,13965,2020-03-24,0,3619.3,2045.38,297,122.4,78.38,8,12.4,7.91,0,3540.7,1994.87
17843,704,140,16999,2020-03-25,2717,3085.1,2112.54,0,112.7,70.54,0,1.1,7.12,3034,3072.9,2098.79
20970,1764,150,19056,2020-03-26,3127,3531.9,2213.99,1060,251.4,169.49,10,2.6,7.41,2057,3366.7,2094.61
48236,2336,286,45614,2020-03-27,27266,7247.3,4719.19,572,323.4,209.74,136,22.0,20.26,26558,6990.7,4540.95
27062,2922,286,23854,2020-03-28,0,5794.1,4247.27,586,390.9,247.37,0,22.0,18.24,0,5553.9,4086.85
29954,3349,286,26319,2020-03-29,2892,5812.3,4111.74,427,441.7,265.33,0,22.0,16.41,2465,5521.1,3924.67
34281,4097,171,30013,2020-03-30,4327,5761.3,4133.27,748,527.1,313.6,0,22.0,14.77,3694,5401.1,3901.6
38815,4883,314,33618,2020-03-31,4534,6409.0,4173.34,786,597.0,360.84,143,41.3,27.6,3605,5916.1,3871.94
43789,6226,314,37249,2020-04-01,4974,6731.4,4253.41,1343,788.9,459.05,0,41.3,24.84,3631,6001.4,3847.85
96981,7535,327,89119,2020-04-02,53192,13883.6,9147.27,1309,824.4,544.05,13,41.7,23.65,51870,13117.6,8650.06
53699,8986,343,44370,2020-04-03,0,9988.4,8232.54,1451,950.0,634.74,16,24.6,22.89,0,9323.6,7785.06
57772,10503,215,47054,2020-04-04,4073,10570.3,7816.59,1517,1083.0,722.97,0,24.6,20.6,2684,9707.0,7274.95
61422,5882,229,55311,2020-04-05,3650,10678.6,7399.93,0,1022.0,650.67,14,26.6,19.94,8257,10534.4,7373.15
66738,12886,422,53430,2020-04-06,5316,10819.9,7191.53,7004,1915.7,1286.0,193,54.1,37.24,0,10006.7,6635.84
72224,15029,460,56735,2020-04-07,5486,10955.9,7020.98,2143,2109.6,1371.7,38,39.1,37.32,3305,9963.9,6302.76
77387,8589,345,68453,2020-04-08,5163,10982.9,6835.18,0,1917.7,1234.53,0,39.1,33.59,11718,11119.1,6844.28
82293,9706,359,72228,2020-04-09,4906,4084.9,6642.26,1117,1890.3,1222.78,14,39.3,31.63,3775,4248.4,6537.35
86660,21597,588,64475,2020-04-10,4367,4708.7,6414.74,11891,3381.7,2289.6,229,69.7,51.37,0,4248.4,5883.62
90273,11673,966,77634,2020-04-11,3613,4643.0,6134.56,0,3165.0,2060.64,378,123.7,84.03,13159,5744.9,6611.15
93812,24624,626,68562,2020-04-12,3539,4627.1,5875.01,12951,5015.1,3149.68,0,121.7,75.63,0,4565.3,5950.04
98017,26093,304,71620,2020-04-13,4205,4468.4,5708.01,1469,4224.4,2981.61,0,94.1,68.06,3058,5002.1,5660.84
102365,14135,323,87907,2020-04-14,4348,4305.9,5572.01,0,3918.3,2683.45,19,91.4,63.16,16287,6856.7,6723.45
107465,29946,368,77151,2020-04-15,5100,4296.9,5524.81,15811,6177.0,3996.2,45,97.9,61.34,0,5182.7,6051.11
112808,16059,375,96374,2020-04-16,5343,4359.3,5506.63,0,6017.4,3596.58,7,96.9,55.91,19223,7389.6,7368.3
117798,33865,394,83539,2020-04-17,4990,4448.3,5454.96,17806,6862.4,5017.53,19,66.9,52.22,0,7389.6,6631.47
122534,18081,414,104039,2020-04-18,4736,4608.7,5383.07,0,6862.4,4515.77,20,15.7,49.0,20500,8438.3,8018.32
126394,37019,436,88939,2020-04-19,3860,4654.6,5230.76,18938,7717.7,5958.0,22,18.9,46.3,0,8438.3,7216.49
131260,19090,446,111724,2020-04-20,4866,4749.0,5194.28,0,7507.9,5362.2,10,20.3,42.67,22785,11256.4,8773.34
136035,20314,638,115083,2020-04-21,4775,4810.0,5152.36,1224,7682.7,4948.38,192,45.0,57.6,3359,9409.6,8231.91
141540,21171,683,119686,2020-04-22,5505,4867.9,5187.62,857,5546.4,4539.24,45,45.0,56.34,4603,10067.1,7869.01
146708,21855,712,124141,2020-04-23,5168,4842.9,5185.66,684,5644.1,4153.71,29,48.1,53.61,4455,7957.4,7527.61
151689,22873,724,128092,2020-04-24,4981,4841.6,5165.19,1018,3245.9,3840.14,12,47.1,49.45,3951,8521.9,7169.95
155453,23689,774,130990,2020-04-25,3764,4702.7,5025.07,816,3362.4,3537.73,50,51.4,49.5,2898,6007.3,6742.76
158926,48123,778,110025,2020-04-26,3473,4647.4,4869.87,24434,4147.6,5627.36,4,48.9,44.95,0,6007.3,6068.48
163630,24376,807,138447,2020-04-27,4704,4624.3,4853.28,0,4147.6,5064.62,29,51.6,43.36,28422,6812.6,8303.83
168357,50666,813,116878,2020-04-28,4727,4617.4,4840.65,26290,7728.4,7187.16,6,25.0,39.62,0,6332.7,7473.45
173807,26118,857,146832,2020-04-29,5450,4609.6,4901.59,0,7606.0,6468.44,44,24.9,40.06,29954,9954.3,9721.5
178771,26754,859,151158,2020-04-30,4964,4580.4,4907.83,636,7599.1,5885.2,2,21.0,36.25,4326,9935.9,9181.95
183501,27454,892,155155,2020-05-01,4730,4544.6,4890.04,700,7553.7,5366.68,33,24.0,35.93,3997,9942.4,8663.46
186731,28039,896,157796,2020-05-02,3230,4468.3,4724.04,585,7520.7,4888.51,4,17.4,32.73,2641,9905.7,8061.21
189708,56756,901,132051,2020-05-03,2977,4397.4,4549.34,28717,8132.6,7271.36,5,17.6,29.96,0,9905.7,7255.09
193091,28565,910,163616,2020-05-04,3383,4208.7,4432.7,0,8132.6,6544.22,9,14.7,27.86,31565,10354.7,9686.08
196780,58736,926,137118,2020-05-05,3689,4060.4,4358.33,30171,8687.0,8906.9,16,16.1,26.68,0,10354.7,8717.47
200616,29937,934,169745,2020-05-06,3836,3829.9,4306.1,0,8687.0,8016.21,8,11.0,24.81,32627,10736.6,11108.43
204387,30395,970,173022,2020-05-07,3771,3659.4,4252.59,458,8661.6,7260.39,36,15.9,25.93,3277,10586.7,10325.28
207439,30975,997,175467,2020-05-08,3052,3419.7,4132.53,580,8644.4,6592.35,27,15.0,26.04,2445,10365.0,9537.26
209589,31250,1001,177338,2020-05-09,2150,3265.4,3934.28,275,8600.1,5960.62,4,15.0,23.83,1871,10255.0,8770.63
211911,63346,1002,147563,2020-05-10,2322,3171.9,3773.05,32096,9082.9,8574.15,1,14.4,21.55,0,10255.0,7893.57
215500,63745,1015,150740,2020-05-11,3589,3201.3,3754.64,399,9139.9,7756.64,13,15.0,20.69,3177,6199.6,7421.91
218895,32270,1023,185602,2020-05-12,3395,3159.3,3718.68,0,4829.7,6980.98,8,13.9,19.43,34862,11179.9,10165.92
222195,65934,1032,155229,2020-05-13,3300,3082.7,3676.81,33664,9638.9,9649.28,9,14.0,18.38,0,6518.9,9149.33
224813,33071,1043,190699,2020-05-14,2618,2918.0,3570.93,0,9573.4,8684.35,11,10.4,17.64,35470,11117.9,11781.39
227334,33422,1047,192865,2020-05-15,2521,2842.1,3465.94,351,9540.7,7851.01,4,7.1,16.28,2166,11078.0,10819.86
229406,33833,1058,194515,2020-05-16,2072,2831.0,3326.54,411,9560.1,7107.01,11,8.1,15.75,1650,11046.4,9902.87
231232,33900,1058,196274,2020-05-17,1826,2760.1,3176.49,67,4984.6,6403.01,0,8.0,14.18,1759,11297.7,9088.48
233809,34046,1090,198673,2020-05-18,2577,2615.6,3116.54,146,4948.4,5777.31,32,10.7,15.96,2399,11186.6,8419.53
236867,69933,1099,165835,2020-05-19,3058,2567.4,3110.69,35887,10075.1,8788.28,9,10.9,15.26,0,6206.3,7577.58
239579,34876,1116,203587,2020-05-20,2712,2483.4,3070.82,0,5266.0,7909.45,17,12.0,15.44,37752,11599.4,10595.02
242133,35149,1134,205850,2020-05-21,2554,2474.3,3019.14,273,5305.0,7145.81,18,13.0,15.69,2263,6855.6,9761.82
244174,71891,1142,171141,2020-05-22,2041,2405.7,2921.32,36742,10503.7,10105.43,8,13.6,14.92,0,6546.1,8785.64
245682,72394,1149,172139,2020-05-23,1508,2325.1,2779.99,503,10516.9,9145.18,7,13.0,14.13,998,6453.0,8006.87
247037,36039,1151,209847,2020-05-24,1355,2257.9,2637.49,0,10507.3,8230.66,2,13.3,12.92,37708,11588.6,10976.99
248650,36143,1161,211346,2020-05-25,1613,2120.1,2535.04,104,10501.3,7418.0,10,10.1,12.63,1499,11460.0,10029.19
250309,73707,1161,175441,2020-05-26,1659,1920.3,2447.44,37564,10740.9,10432.6,0,8.9,11.36,0,11460.0,9026.27
252118,74572,1166,176380,2020-05-27,1809,1791.3,2383.59,865,10864.4,9475.84,5,7.1,10.73,939,6201.0,8217.54
253854,75331,1167,177356,2020-05-28,1736,1674.4,2318.83,759,10933.9,8604.15,1,4.7,9.75,976,6017.1,7493.39
255362,75978,1172,178212,2020-05-29,1508,1598.3,2237.75,647,5777.4,7808.44,5,4.3,9.28,856,6139.4,6829.65
256469,37467,1187,217815,2020-05-30,1107,1541.0,2124.68,0,5705.6,7027.6,15,5.4,9.85,39603,11654.4,10106.98
257539,37527,1190,218822,2020-05-31,1070,1500.3,2019.21,60,5714.1,6330.84,3,5.6,9.17,1007,6411.4,9196.99
258983,37613,1221,220149,2020-06-01,1444,1476.1,1961.69,86,5711.6,5706.35,31,8.6,11.35,1327,6386.9,8409.99
260453,37863,1224,221366,2020-06-02,1470,1449.1,1912.52,250,381.0,5160.72,3,9.0,10.51,1217,6560.7,7690.69
261802,38117,1212,222473,2020-06-03,1349,1383.4,1856.17,254,293.7,4670.05,0,8.3,9.46,1107,6584.7,7032.32
263040,38247,1219,223574,2020-06-04,1238,1312.3,1794.35,130,203.9,4216.04,7,9.1,9.22,1101,6602.6,6439.19
264150,78852,1228,184070,2020-06-05,1110,1255.4,1725.92,40605,5912.1,7854.94,9,9.7,9.2,0,6480.3,5795.27
264944,38648,1230,225066,2020-06-06,794,1210.7,1632.72,0,5912.1,7069.44,2,7.9,8.48,40996,6679.3,9315.34
265662,38702,1239,225721,2020-06-07,718,1160.4,1541.25,54,5911.3,6367.9,9,8.7,8.53,655,6629.0,8449.31
266756,79435,1255,186066,2020-06-08,1094,1110.4,1496.53,40733,11718.0,9804.41,16,6.6,9.28,0,6439.4,7604.38
267915,38946,1257,227712,2020-06-09,1159,1066.0,1462.77,0,11682.3,8823.97,2,6.4,8.55,41646,12215.0,11008.54
269101,39110,1269,228722,2020-06-10,1186,1042.7,1435.1,164,11669.4,7957.97,12,8.1,8.89,1010,12201.1,10008.69
270108,80563,1278,188267,2020-06-11,1007,1009.7,1392.29,41453,17572.7,11307.47,9,8.4,8.9,0,12043.9,9007.82
271162,39317,1282,230563,2020-06-12,1054,1001.7,1358.46,0,11772.0,10176.73,4,7.7,8.41,42296,18086.1,12336.64
272050,39424,1283,231343,2020-06-13,888,1015.1,1311.41,107,11787.3,9169.75,1,7.6,7.67,780,12341.0,11180.97
272857,39451,1283,232123,2020-06-14,807,1027.9,1260.97,27,11783.4,8255.48,0,6.3,6.9,780,12358.9,10140.87
273888,39480,1284,233124,2020-06-15,1031,1018.9,1237.97,29,5968.6,7432.83,1,4.1,6.31,1001,12501.9,9226.89
274971,81674,1293,192004,2020-06-16,1083,1008.0,1222.48,42194,11996.3,10908.95,9,5.1,6.58,0,6552.4,8304.2
275970,39710,1304,234956,2020-06-17,999,981.3,1200.13,0,11972.9,9818.05,11,5.0,7.02,42952,12544.1,11768.98
276990,82172,1313,193505,2020-06-18,1020,983.1,1182.12,42462,12117.0,13082.45,9,5.0,7.22,0,12544.1,10592.08
277974,39861,1319,236794,2020-06-19,984,973.1,1162.3,0,12117.0,11774.2,6,5.3,7.1,43289,12686.0,13861.77
278640,82630,1319,194691,2020-06-20,666,941.4,1112.67,42769,18211.6,14873.68,0,5.1,6.39,0,12574.6,12475.6
279264,82704,1319,195241,2020-06-21,624,915.3,1063.81,74,18218.3,13393.71,0,5.1,5.75,550,12541.7,11283.04
280156,39976,1322,238858,2020-06-22,892,895.4,1046.63,0,18214.1,12054.34,3,5.4,5.48,43617,18629.7,14516.43
281038,40070,1330,239638,2020-06-23,882,866.7,1030.16,94,12199.9,10858.31,8,5.3,5.73,780,18741.1,13142.79
281815,83238,1345,197232,2020-06-24,777,835.0,1004.85,43168,18366.7,14089.28,15,5.9,6.66,0,12605.1,11828.51
282512,83486,1361,197665,2020-06-25,697,788.9,974.06,248,12336.1,12705.15,16,6.9,7.59,433,12667.0,10688.96
283151,40333,1363,241455,2020-06-26,639,739.6,940.56,0,12336.1,11434.63,2,6.3,7.03,43790,12738.6,13999.06
283785,83887,1364,198534,2020-06-27,634,735.0,909.9,43554,12448.3,14646.57,1,6.4,6.43,0,12738.6,12599.16
284192,40404,1364,242424,2020-06-28,407,704.0,859.61,0,12437.7,13181.91,0,6.4,5.79,43890,18930.0,15728.24
284812,84000,1368,199444,2020-06-29,620,665.1,835.65,43596,18665.7,16223.32,4,6.6,5.61,0,12699.0,14155.42
285216,84209,1370,199637,2020-06-30,404,596.9,792.48,209,18682.1,14621.89,2,5.7,5.25,193,12615.1,12759.18
285279,40576,1372,243331,2020-07-01,63,494.9,719.54,0,12515.3,13159.7,2,3.9,4.92,43694,18857.1,15852.66
285285,84612,1373,199300,2020-07-02,6,396.1,648.18,44036,18770.7,16247.33,1,1.7,4.53,0,18795.3,14267.39
285787,40666,1375,243746,2020-07-03,502,376.6,633.56,0,18770.7,14622.6,2,1.7,4.28,44446,18889.0,17285.25
286412,40698,1375,244339,2020-07-04,625,375.3,632.71,32,12553.3,13163.54,0,1.6,3.85,593,18973.7,15616.03
286931,40717,1375,244839,2020-07-05,519,391.3,621.34,19,12556.0,11849.08,0,1.6,3.46,500,12775.1,14104.42
287290,40728,1375,245187,2020-07-06,359,354.0,595.1,11,6329.6,10665.28,0,1.0,3.12,348,12824.9,12728.78
287874,40782,1375,245717,2020-07-07,584,379.7,593.99,54,6307.4,9604.15,0,0.7,2.81,530,12873.0,11508.9
288511,40839,1378,246294,2020-07-08,637,461.7,598.29,57,6315.6,8649.43,3,0.9,2.83,577,6713.4,10415.71
289154,40870,1378,246906,2020-07-09,643,552.7,602.76,31,29.1,7787.59,0,0.7,2.54,612,6800.9,9435.34
289678,40904,1378,247396,2020-07-10,524,555.9,594.89,34,34.0,7012.23,0,0.4,2.29,490,521.4,8540.81
290504,40921,1378,248205,2020-07-11,826,584.6,618.0,17,31.9,6312.71,0,0.4,2.06,809,552.3,7767.63
291154,40930,1378,248846,2020-07-12,650,603.3,621.2,9,30.4,5682.34,0,0.4,1.85,641,572.4,7054.96
291691,40942,1384,249365,2020-07-13,537,628.7,612.78,12,30.6,5115.3,6,1.3,2.27,519,596.9,6401.37
292931,40986,1385,250560,2020-07-14,1240,722.4,675.5,44,29.1,4608.17,1,1.4,2.14,1195,691.9,5880.73
293469,41010,1386,251073,2020-07-15,538,708.3,661.75,24,24.4,4149.76,1,1.1,2.03,513,682.7,5343.96
294116,41034,1403,251679,2020-07-16,647,708.9,660.28,24,23.4,3737.18,17,3.6,3.52,606,681.9,4870.16
294803,41060,1403,252340,2020-07-17,687,732.1,662.95,26,22.3,3366.06,0,3.6,3.17,661,706.3,4449.25
295632,41069,1413,253150,2020-07-18,829,732.6,679.55,9,21.1,3030.36,10,5.0,3.85,810,706.4,4085.32
296358,41080,1413,253865,2020-07-19,726,743.4,684.2,11,21.4,2728.42,0,5.0,3.47,715,717.0,3748.29
296944,41090,1413,254441,2020-07-20,586,750.4,674.38,10,21.1,2456.58,0,4.1,3.12,576,725.1,3431.06
297389,41115,1414,254860,2020-07-21,445,636.9,651.44,25,18.4,2213.42,1,4.1,2.91,419,614.3,3129.85
297952,41132,1416,255404,2020-07-22,563,640.4,642.6,17,17.4,1993.78,2,4.3,2.82,544,618.7,2871.27
298731,41141,1425,256165,2020-07-23,779,659.3,656.24,9,15.3,1795.3,9,3.1,3.44,761,640.9,2660.24
299500,41173,1425,256902,2020-07-24,769,671.0,667.51,32,16.1,1618.97,0,3.1,3.09,737,651.7,2467.92
300270,41188,1427,257655,2020-07-25,770,662.6,677.76,15,17.0,1458.57,2,2.0,2.98,753,643.6,2296.43
301020,41196,1434,258390,2020-07-26,750,666.0,684.99,8,16.6,1313.52,7,3.0,3.39,735,646.4,2140.28
301708,41199,1437,259072,2020-07-27,688,680.6,685.29,3,15.6,1182.46,3,3.4,3.35,682,661.6,1994.46
302261,41220,1438,259603,2020-07-28,553,696.0,672.06,21,15.0,1066.32,1,3.4,3.11,531,677.6,1848.11
303063,41254,1438,260371,2020-07-29,802,730.1,685.05,34,17.4,963.09,0,3.1,2.8,768,709.6,1740.1
303910,41254,1438,261218,2020-07-30,847,739.9,701.25,0,16.1,866.78,0,1.9,2.52,847,721.9,1650.79
304793,41274,1439,262080,2020-07-31,883,756.1,719.42,20,14.4,782.1,1,2.0,2.37,862,739.7,1571.91
305562,41287,1441,262834,2020-08-01,769,756.0,724.38,13,14.1,705.19,2,2.0,2.33,754,739.9,1490.12
306309,41292,1444,263573,2020-08-02,747,755.6,726.64,5,13.7,635.17,3,1.4,2.4,739,740.4,1415.01
307251,41293,1445,264513,2020-08-03,942,791.9,748.18,1,13.4,571.75,1,1.1,2.26,940,777.3,1367.51
307926,41311,1445,265170,2020-08-04,675,809.3,740.86,18,13.0,516.38,0,1.0,2.03,657,795.3,1296.46
308832,41325,1446,266061,2020-08-05,906,824.1,757.37,14,10.1,466.14,1,1.1,1.93,891,812.9,1255.91
309796,41343,1447,267006,2020-08-06,964,840.9,778.04,18,12.7,421.33,1,1.3,1.84,945,826.9,1224.82
310696,41355,1447,267894,2020-08-07,900,843.3,790.23,12,11.6,380.39,0,1.1,1.65,888,830.6,1191.14
311461,41358,1449,268654,2020-08-08,765,842.7,787.71,3,10.1,342.65,2,1.1,1.69,760,831.4,1148.02
312574,41363,1451,269760,2020-08-09,1113,895.0,820.24,5,10.1,308.89,2,1.0,1.72,1106,883.9,1143.82
313392,41381,1463,270548,2020-08-10,818,877.3,820.01,18,12.6,279.8,12,2.6,2.75,788,862.1,1108.24
314542,41394,1464,271684,2020-08-11,1150,945.1,853.01,13,11.9,253.12,1,2.7,2.57,1136,930.6,1111.02
315581,41414,1472,272695,2020-08-12,1039,964.1,871.61,20,12.7,229.81,8,3.7,3.12,1011,947.7,1101.01
316729,41432,1479,273818,2020-08-13,1148,990.4,899.25,18,12.7,208.63,7,4.6,3.5,1123,973.1,1103.21
318190,41443,1481,275266,2020-08-14,1461,1070.6,955.43,11,12.6,188.86,2,4.9,3.35,1448,1053.1,1137.69
319232,41446,1486,276300,2020-08-15,1042,1110.1,964.08,3,12.6,170.28,5,5.3,3.52,1034,1092.3,1127.32
320343,41451,1486,277406,2020-08-16,1111,1109.9,978.77,5,12.6,153.75,0,5.0,3.17,1106,1092.3,1125.19
321064,41454,1490,278120,2020-08-17,721,1096.0,953.0,3,10.4,138.68,4,3.9,3.25,714,1081.7,1084.07
322177,41466,1493,279218,2020-08-18,1113,1090.7,969.0,12,10.3,126.01,3,4.1,3.22,1098,1076.3,1085.46
323008,41483,1495,280030,2020-08-19,831,1061.0,955.2,17,9.9,115.11,2,3.3,3.1,812,1047.9,1058.12
324203,41489,1544,281170,2020-08-20,1195,1067.7,979.18,6,8.1,104.2,49,9.3,7.69,1140,1050.3,1066.31
325263,41491,1544,282228,2020-08-21,1060,1010.4,987.26,2,6.9,93.98,0,9.0,6.92,1058,994.6,1065.48
326595,41509,1547,283539,2020-08-22,1332,1051.9,1021.73,18,9.0,86.38,3,8.7,6.53,1311,1034.1,1090.03
327643,41515,1547,284581,2020-08-23,1048,1042.9,1024.36,6,9.1,78.34,0,8.7,5.88,1042,1025.0,1085.22
328620,41519,1550,285551,2020-08-24,977,1079.4,1019.62,4,9.3,70.91,3,8.6,5.59,970,1061.6,1073.7
329821,41535,1551,286735,2020-08-25,1201,1092.0,1037.76,16,9.9,65.42,1,8.3,5.13,1184,1073.9,1084.73
330967,41552,1551,287864,2020-08-26,1146,1137.0,1048.59,17,9.9,60.57,0,8.0,4.62,1129,1119.1,1089.16
332509,41564,1564,289381,2020-08-27,1542,1186.6,1097.93,12,10.7,55.72,13,2.9,5.46,1517,1173.0,1131.94
333806,41573,1615,290618,2020-08-28,1297,1220.4,1117.83,9,11.7,51.05,51,10.1,10.01,1237,1198.6,1142.45
334916,41585,1622,291709,2020-08-29,1110,1188.7,1117.05,12,10.9,47.14,7,10.7,9.71,1091,1167.1,1137.3
336668,41586,1624,293458,2020-08-30,1752,1289.3,1180.55,1,10.1,42.53,2,11.0,8.94,1749,1268.1,1198.47
338083,41589,1682,294812,2020-08-31,1415,1351.9,1203.99,3,10.0,38.57,58,18.9,13.84,1354,1323.0,1214.03
339415,41592,1709,296114,2020-09-01,1332,1370.6,1216.79,3,8.1,35.02,27,22.6,15.16,1302,1339.9,1222.82
340929,41602,1742,297585,2020-09-02,1514,1423.1,1246.51,10,7.1,32.52,33,27.3,16.94,1471,1388.7,1247.64
342708,41616,1750,299342,2020-09-03,1779,1457.0,1299.76,14,7.4,30.66,8,26.6,16.05,1757,1423.0,1298.58
344686,41626,1756,301304,2020-09-04,1978,1554.3,1367.59,10,7.6,28.6,6,20.1,15.04,1962,1526.6,1364.92
346513,41638,1806,303069,2020-09-05,1827,1656.7,1413.53,12,7.6,26.94,50,26.3,18.54,1765,1622.9,1404.93
349500,41640,1824,306036,2020-09-06,2987,1833.1,1570.87,2,7.7,24.44,18,28.6,18.49,2967,1796.9,1561.13
352451,41643,1824,308984,2020-09-07,2951,2052.6,1708.89,3,7.7,22.3,0,20.3,16.64,2948,2024.6,1699.82
354932,41675,1827,311430,2020-09-08,2481,2216.7,1786.1,32,11.9,23.27,3,16.9,15.27,2446,2188.0,1774.44
357613,41683,1831,314099,2020-09-09,2681,2383.4,1875.59,8,11.6,21.74,4,12.7,14.15,2669,2359.1,1863.9
360544,41697,1845,317002,2020-09-10,2931,2548.0,1981.13,14,11.6,20.97,14,13.6,14.13,2903,2522.9,1967.81
364088,41703,1848,320537,2020-09-11,3544,2771.7,2137.42,6,11.0,19.47,3,13.1,13.02,3535,2747.6,2124.53
367592,41712,1880,324000,2020-09-12,3504,3011.3,2274.07,9,10.6,18.42,32,10.6,14.92,3463,2990.1,2258.37
370930,41717,2146,327067,2020-09-13,3338,3061.4,2380.47,5,11.0,17.08,266,46.0,40.03,3067,3004.4,2339.24
373555,41726,2152,329677,2020-09-14,2625,3014.9,2404.92,9,11.9,16.27,6,46.9,36.62,2610,2956.1,2366.31
376670,41753,2184,332733,2020-09-15,3115,3105.4,2475.93,27,11.1,17.35,32,51.0,36.16,3056,3043.3,2435.28
380677,41773,2190,336714,2020-09-16,4007,3294.9,2629.04,20,12.9,17.61,6,51.3,33.14,3981,3230.7,2589.85
384087,41794,2201,340092,2020-09-17,3410,3363.3,2707.13,21,13.9,17.95,11,50.9,30.93,3378,3298.6,2668.67
388416,41821,2213,344382,2020-09-18,4329,3475.4,2869.32,27,16.9,18.86,12,52.1,29.04,4290,3406.4,2830.8
392845,41848,2227,348770,2020-09-19,4429,3607.6,3025.29,27,19.4,19.67,14,49.6,27.53,4388,3538.6,2986.52
396744,41866,2228,352650,2020-09-20,3899,3687.7,3112.66,18,21.3,19.5,1,11.7,24.88,3880,3654.7,3075.87
401122,41877,2228,357017,2020-09-21,4378,3938.1,3239.19,11,21.6,18.65,0,10.9,22.39,4367,3905.7,3204.98
406058,41914,2238,361906,2020-09-22,4936,4198.3,3408.87,37,23.0,20.49,10,7.7,21.15,4889,4167.6,3373.38
412245,41951,2247,368047,2020-09-23,6187,4509.7,3686.69,37,25.4,22.14,9,8.1,19.94,6141,4476.1,3650.15
418889,41991,2282,374616,2020-09-24,6644,4971.7,3982.42,40,28.1,23.92,35,11.6,21.44,6569,4932.0,3942.03
425767,42025,2303,381439,2020-09-25,6878,5335.9,4271.98,34,29.1,24.93,21,12.9,21.4,6823,5293.9,4230.13
431817,42060,2333,387424,2020-09-26,6050,5567.4,4449.78,35,30.3,25.94,30,15.1,22.26,5985,5522.0,4405.61
437517,42077,2339,393101,2020-09-27,5700,5824.7,4574.8,17,30.1,25.05,6,15.9,20.63,5677,5778.7,4532.75
441573,42090,2352,397131,2020-09-28,4056,5778.7,4522.92,13,30.4,23.84,13,17.7,19.87,4030,5730.6,4482.48
448729,42162,2368,404199,2020-09-29,7156,6095.9,4786.23,72,35.4,28.66,16,18.6,19.48,7068,6041.9,4741.03
455846,42233,2373,411240,2020-09-30,7117,6228.7,5019.31,71,40.3,32.89,5,18.0,18.03,7041,6170.4,4971.03
462775,42292,2383,418100,2020-10-01,6929,6269.4,5210.27,59,43.0,35.5,10,14.4,17.23,6860,6212.0,5159.92
469769,42358,2389,425022,2020-10-02,6994,6286.0,5388.65,66,47.6,38.55,6,12.3,16.11,6922,6226.1,5336.13
482654,42407,2396,437851,2020-10-03,12885,7262.4,6138.28,49,49.6,39.6,7,9.0,15.2,12829,7203.9,6085.42
505619,42440,2403,460776,2020-10-04,22965,9728.9,7820.95,33,51.9,38.94,7,9.1,14.38,22925,9667.9,7769.38
518222,42459,2409,473354,2020-10-05,12603,10949.9,8299.16,19,52.7,36.94,6,8.1,13.54,12578,10889.0,8250.24
532779,42535,2417,487827,2020-10-06,14557,12007.1,8924.94,76,53.3,40.85,8,7.0,12.99,14473,11946.9,8872.52
546952,42605,2425,501922,2020-10-07,14173,13015.1,9449.75,70,53.1,43.76,8,7.4,12.49,14095,12954.6,9394.76
564502,42682,2474,519346,2020-10-08,17550,14532.4,10259.77,77,55.7,47.09,49,13.0,16.14,17424,14463.7,10197.69
578390,42769,2488,533133,2020-10-09,13888,15517.3,10622.6,87,58.7,51.08,14,14.1,15.92,13787,15444.4,10556.62
593565,42850,2495,548220,2020-10-10,15175,15844.4,11077.84,81,63.3,54.07,7,14.1,15.03,15087,15767.0,11009.66
606447,42915,2503,561029,2020-10-11,12882,14404.0,11258.25,65,67.9,55.16,8,14.3,14.33,12809,14321.9,11189.59
620458,42965,2511,574982,2020-10-12,14011,14605.1,11533.53,50,72.3,54.65,8,14.6,13.7,13953,14518.3,11465.93
637708,43108,2535,592065,2020-10-13,17250,14989.9,12105.18,143,81.9,63.48,24,16.9,14.73,17083,14891.1,12027.64
657459,43245,2551,611663,2020-10-14,19751,15786.7,12869.76,137,91.4,70.83,16,18.0,14.85,19598,15677.3,12784.67
676455,43383,2561,630511,2020-10-15,18996,15993.3,13482.38,138,100.1,77.55,10,12.4,14.37,18848,15880.7,13391.01
692112,43519,2565,646028,2020-10-16,15657,16246.0,13699.84,136,107.1,83.4,4,11.0,13.33,15517,16127.9,13603.61
708298,43669,2572,662057,2020-10-17,16186,16390.4,13948.46,150,117.0,90.06,7,11.0,12.7,16029,16262.4,13846.15
725292,43736,2589,678967,2020-10-18,16994,16977.9,14253.01,67,117.3,87.75,17,12.3,13.13,16910,16848.3,14152.53
744122,43816,2613,697693,2020-10-19,18830,17666.3,14710.71,80,121.6,86.98,24,14.6,14.22,18726,17530.1,14609.88
765487,44057,2626,718804,2020-10-20,21365,18254.1,15376.14,241,135.6,102.38,13,13.0,14.09,21111,18105.6,15259.99
792194,44248,2636,745310,2020-10-21,26707,19247.9,16509.23,191,143.3,111.24,10,12.1,13.68,26506,19092.4,16384.59
813451,44437,2652,766362,2020-10-22,21257,19570.9,16984.0,189,150.6,119.02,16,13.0,13.92,21052,19407.3,16851.33
834010,44661,2657,786692,2020-10-23,20559,20271.1,17341.5,224,163.1,129.51,5,13.1,13.02,20330,20094.9,17199.2
857043,44835,2676,809532,2020-10-24,23033,21249.3,17910.65,174,166.6,133.96,19,14.9,13.62,22840,21067.9,17763.28
876840,44986,2685,829169,2020-10-25,19797,21649.7,18099.29,151,178.6,135.67,9,13.7,13.16,19637,21457.4,17950.65
897740,45088,2702,849950,2020-10-26,20900,21945.4,18379.36,102,181.7,132.3,17,12.7,13.54,20781,21751.0,18233.69
920664,45455,2719,872490,2020-10-27,22924,22168.1,18833.82,367,199.7,155.77,17,13.3,13.89,22540,21955.1,18664.32
945378,45765,2773,896840,2020-10-28,24714,21883.4,19421.84,310,216.7,171.19,54,19.6,17.9,24350,21647.1,19232.89
968456,46045,2799,919612,2020-10-29,23078,22143.6,19787.46,280,229.7,182.07,26,21.0,18.71,22772,21892.9,19586.8
992874,46319,2811,943744,2020-10-30,24418,22694.9,20250.51,274,236.9,191.27,12,22.0,18.04,24132,22436.0,20041.32
1014793,46645,2839,965309,2020-10-31,21919,22535.7,20417.36,326,258.6,204.74,28,23.3,19.04,21565,22253.9,20193.69
1038054,46807,2841,988406,2020-11-01,23261,23030.6,20701.72,162,260.1,200.47,2,22.3,17.33,23097,22748.1,20484.02
1057021,46943,2850,1007228,2020-11-02,18967,22754.4,20528.25,136,265.0,194.02,9,21.1,16.5,18822,22468.3,20317.82
1077099,47340,2906,1026853,2020-11-03,20078,22347.9,20483.23,397,269.3,214.32,56,26.7,20.45,19625,22051.9,20248.53
1102305,47832,2925,1051548,2020-11-04,25206,22418.1,20955.5,492,295.3,242.09,19,21.7,20.3,24695,22101.1,20693.18
1126469,48210,2931,1075328,2020-11-05,24164,22573.3,21276.35,378,309.3,255.68,6,18.9,18.87,23780,22245.1,21001.86
1149791,48565,2951,1098275,2020-11-06,23322,22416.7,21480.92,355,320.9,265.61,20,20.0,18.99,22947,22075.9,21196.38
1174770,48978,2965,1122827,2020-11-07,24979,22853.9,21830.73,413,333.3,280.35,14,18.0,18.49,24552,22502.6,21531.94
1195350,49134,2983,1143233,2020-11-08,20580,22470.9,21705.65,156,332.4,267.91,18,20.3,18.44,20406,22118.1,21419.34
1216747,49329,2998,1164420,2020-11-09,21397,22818.0,21674.79,195,340.9,260.62,15,21.1,18.09,21187,22456.0,21396.11
1237198,49861,3008,1184329,2020-11-10,20451,22871.3,21552.41,532,360.1,287.76,10,14.6,17.29,19909,22496.6,21247.4
1260198,50457,3018,1206723,2020-11-11,23000,22556.1,21697.17,596,375.0,318.58,10,13.3,16.56,22394,22167.9,21362.06
1293715,51020,3031,1239664,2020-11-12,33517,23892.3,22879.15,563,401.4,343.03,13,14.3,16.2,32941,23476.6,22519.95
1321031,51396,3089,1266546,2020-11-13,27316,24462.9,23322.84,376,404.4,346.32,58,19.7,20.38,26882,24038.7,22956.16
1347907,51858,3108,1292941,2020-11-14,26876,24733.9,23678.15,462,411.4,357.89,19,20.4,20.24,26395,24302.0,23300.04
1372884,52026,3121,1317737,2020-11-15,24977,25362.0,23808.04,168,413.1,338.9,13,19.7,19.52,24796,24929.1,23449.64
1394299,52240,3135,1338924,2020-11-16,21415,25364.6,23568.73,214,415.9,326.41,14,19.6,18.97,21187,24929.1,23223.37
1414359,52839,3148,1358372,2020-11-17,20060,25308.7,23217.86,599,425.4,353.67,13,20.0,18.37,19448,24863.3,22845.84
1434004,53368,3206,1377430,2020-11-18,19645,24829.4,22860.57,529,415.9,371.2,58,26.9,22.33,19058,24386.7,22467.05
1456940,53870,3242,1399828,2020-11-19,22936,23317.9,22868.12,502,407.1,384.28,36,30.1,23.7,22398,22880.6,22460.15
1477214,54381,3260,1419573,2020-11-20,20274,22311.9,22608.71,511,426.4,396.95,18,24.4,23.13,19745,21861.0,22188.63
1497135,54721,3310,1439104,2020-11-21,19921,21318.3,22339.93,340,409.0,391.26,50,28.9,25.82,19531,20880.4,21922.87
1515802,55120,3322,1457360,2020-11-22,18667,20416.9,21972.64,399,442.0,392.03,12,28.7,24.44,18256,19946.1,21556.18
1531267,55327,3333,1472607,2020-11-23,15465,19566.9,21321.88,207,441.0,373.53,11,28.3,23.09,15247,19097.6,20925.26
1542611,55935,3405,1483271,2020-11-24,11344,18321.7,20324.09,608,442.3,396.98,72,36.7,27.98,10664,17842.7,19899.14
1560872,56630,3445,1500797,2020-11-25,18261,18124.0,20117.78,695,466.0,426.78,40,34.1,29.18,17526,17623.9,19661.82
1578429,57128,3454,1517847,2020-11-26,17557,17355.6,19861.7,498,465.4,433.9,9,30.3,27.17,17050,16859.9,19400.64
