Confirmed,Deaths,Recovered,Active,Date,Confirmed_Incidence,Active_Incidence,Deaths_Incidence,Recovered_Incidence
0,0,0,0,2020-01-22 00:00:00,0.0,0.0,0.0,0.0
0,0,0,0,2020-01-23 00:00:00,0.0,0.0,0.0,0.0
0,0,0,0,2020-01-24 00:00:00,0.0,0.0,0.0,0.0
0,0,0,0,2020-01-25 00:00:00,0.0,0.0,0.0,0.0
0,0,0,0,2020-01-26 00:00:00,0.0,0.0,0.0,0.0
0,0,0,0,2020-01-27 00:00:00,0.0,0.0,0.0,0.0
0,0,0,0,2020-01-28 00:00:00,0.0,0.0,0.0,0.0
0,0,0,0,2020-01-29 00:00:00,0.0,0.0,0.0,0.0
0,0,0,0,2020-01-30 00:00:00,0.0,0.0,0.0,0.0
0,0,0,0,2020-01-31 00:00:00,0.3333333333333333,0.3333333333333333,0.0,0.0
1,0,0,1,2020-02-01 00:00:00,0.3333333333333333,0.3333333333333333,0.0,0.0
1,0,0,1,2020-02-02 00:00:00,0.3333333333333333,0.3333333333333333,0.0,0.0
1,0,0,1,2020-02-03 00:00:00,0.0,0.0,0.0,0.0
1,0,0,1,2020-02-04 00:00:00,0.0,0.0,0.0,0.0
1,0,0,1,2020-02-05 00:00:00,0.0,0.0,0.0,0.0
1,0,0,1,2020-02-06 00:00:00,0.0,0.0,0.0,0.0
1,0,0,1,2020-02-07 00:00:00,0.0,0.0,0.0,0.0
1,0,0,1,2020-02-08 00:00:00,0.3333333333333333,0.3333333333333333,0.0,0.0
2,0,0,2,2020-02-09 00:00:00,0.3333333333333333,0.3333333333333333,0.0,0.0
2,0,0,2,2020-02-10 00:00:00,0.3333333333333333,0.3333333333333333,0.0,0.0
2,0,0,2,2020-02-11 00:00:00,0.0,0.0,0.0,0.0
2,0,0,2,2020-02-12 00:00:00,0.0,0.0,0.0,0.0
2,0,0,2,2020-02-13 00:00:00,0.0,0.0,0.0,0.0
2,0,0,2,2020-02-14 00:00:00,0.0,0.0,0.0,0.6666666666666666
2,0,2,0,2020-02-15 00:00:00,0.0,0.0,0.0,0.6666666666666666
2,0,2,0,2020-02-16 00:00:00,0.0,0.0,0.0,0.6666666666666666
2,0,2,0,2020-02-17 00:00:00,0.0,0.0,0.0,0.0
2,0,2,0,2020-02-18 00:00:00,0.0,0.0,0.0,0.0
2,0,2,0,2020-02-19 00:00:00,0.0,0.0,0.0,0.0
2,0,2,0,2020-02-20 00:00:00,0.0,0.0,0.0,0.0
2,0,2,0,2020-02-21 00:00:00,0.0,0.0,0.0,0.0
2,0,2,0,2020-02-22 00:00:00,0.0,0.0,0.0,0.0
2,0,2,0,2020-02-23 00:00:00,0.0,0.0,0.0,0.0
2,0,2,0,2020-02-24 00:00:00,1.3333333333333333,1.3333333333333333,0.0,0.0
6,0,2,4,2020-02-25 00:00:00,3.6666666666666665,3.6666666666666665,0.0,0.0
13,0,2,11,2020-02-26 00:00:00,4.333333333333333,4.333333333333333,0.0,0.0
15,0,2,13,2020-02-27 00:00:00,8.666666666666666,8.666666666666666,0.0,0.0
32,0,2,30,2020-02-28 00:00:00,10.666666666666666,10.666666666666666,0.0,0.0
45,0,2,43,2020-02-29 00:00:00,23.0,23.0,0.0,0.0
84,0,2,82,2020-03-01 00:00:00,29.333333333333332,29.333333333333332,0.0,0.0
120,0,2,118,2020-03-02 00:00:00,40.0,39.666666666666664,0.3333333333333333,0.0
165,1,2,162,2020-03-03 00:00:00,46.0,45.333333333333336,0.6666666666666666,0.0
222,2,2,218,2020-03-04 00:00:00,46.333333333333336,45.333333333333336,1.0,0.0
259,3,2,254,2020-03-05 00:00:00,78.33333333333333,77.0,1.3333333333333333,0.0
400,5,2,393,2020-03-06 00:00:00,92.66666666666667,80.66666666666667,2.6666666666666665,9.333333333333334
500,10,30,460,2020-03-07 00:00:00,138.0,124.0,4.666666666666667,9.333333333333334
673,17,30,626,2020-03-08 00:00:00,224.33333333333334,206.66666666666666,7.666666666666667,10.0
1073,28,32,1013,2020-03-09 00:00:00,398.3333333333333,389.3333333333333,8.333333333333334,0.6666666666666666
1695,35,32,1628,2020-03-10 00:00:00,534.6666666666666,471.3333333333333,12.333333333333334,51.0
2277,54,183,2040,2020-03-11 00:00:00,401.3333333333333,342.3333333333333,9.0,50.333333333333336
2277,55,183,2039,2020-03-12 00:00:00,1179.0,1093.0,32.666666666666664,53.666666666666664
5232,133,193,4906,2020-03-13 00:00:00,1371.3333333333333,1213.3333333333333,47.0,111.33333333333333
6391,195,517,5679,2020-03-14 00:00:00,1840.3333333333333,1651.0,78.0,111.33333333333333
7798,289,517,6992,2020-03-15 00:00:00,1570.0,1388.0,69.66666666666667,112.33333333333333
9942,342,530,9070,2020-03-16 00:00:00,1785.6666666666667,1502.6666666666667,112.66666666666667,170.33333333333334
11748,533,1028,10187,2020-03-17 00:00:00,2037.3333333333333,1738.0,111.33333333333333,188.0
13910,623,1081,12206,2020-03-18 00:00:00,2673.6666666666665,2318.6666666666665,162.66666666666666,192.33333333333334
17963,830,1107,16026,2020-03-19 00:00:00,2887.3333333333335,2530.6666666666665,170.0,186.66666666666666
20410,1043,1588,17779,2020-03-20 00:00:00,3821.3333333333335,3222.6666666666665,250.66666666666666,348.0
25374,1375,2125,21874,2020-03-21 00:00:00,3601.6666666666665,2798.3333333333335,314.0,489.3333333333333
28768,1772,2575,24421,2020-03-22 00:00:00,4908.666666666667,4157.0,422.6666666666667,329.0
35136,2311,2575,30250,2020-03-23 00:00:00,4837.0,3803.0,477.6666666666667,556.3333333333334
39885,2808,3794,33283,2020-03-24 00:00:00,6915.666666666667,5360.0,625.0,930.6666666666666
49515,3647,5367,40501,2020-03-25 00:00:00,7550.0,5385.333333333333,684.6666666666666,1480.0
57786,4365,7015,46406,2020-03-26 00:00:00,8611.333333333334,5980.333333333333,776.6666666666666,1854.3333333333333
65719,5138,9357,51224,2020-03-27 00:00:00,7906.666666666667,4822.333333333333,778.3333333333334,2306.0
73235,5982,12285,54968,2020-03-28 00:00:00,7441.333333333333,4064.0,812.6666666666666,2564.6666666666665
80110,6803,14709,58598,2020-03-29 00:00:00,7412.333333333333,4078.6666666666665,859.3333333333334,2474.3333333333335
87956,7716,16780,63460,2020-03-30 00:00:00,7562.666666666667,4410.666666666667,827.3333333333334,2324.6666666666665
95923,8464,19259,68200,2020-03-31 00:00:00,8002.666666666667,4495.333333333333,861.3333333333334,2646.0
104118,9387,22647,72084,2020-04-01 00:00:00,8036.333333333333,3838.0,877.3333333333334,3321.0
112065,10348,26743,74974,2020-04-02 00:00:00,7758.666666666667,3096.0,911.3333333333334,3751.3333333333335
119199,11198,30513,77488,2020-04-03 00:00:00,7350.0,2639.3333333333335,853.3333333333334,3857.3333333333335
126168,11947,34219,80002,2020-04-04 00:00:00,6527.0,1983.6666666666667,764.3333333333334,3779.0
131646,12641,38080,80925,2020-04-05 00:00:00,5825.333333333333,1803.0,714.3333333333334,3308.0
136675,13341,40437,82897,2020-04-06 00:00:00,5258.0,1562.3333333333333,699.3333333333334,2996.3333333333335
141942,14045,43208,84689,2020-04-07 00:00:00,5524.666666666667,1494.0,717.0,3313.6666666666665
148220,14792,48021,85407,2020-04-08 00:00:00,5515.666666666667,904.3333333333334,702.0,3909.3333333333335
153222,15447,52165,85610,2020-04-09 00:00:00,5443.666666666667,611.6666666666666,678.6666666666666,4153.333333333333
158273,16081,55668,86524,2020-04-10 00:00:00,4935.666666666667,635.0,604.6666666666666,3696.0
163027,16606,59109,87312,2020-04-11 00:00:00,4536.333333333333,567.3333333333334,587.3333333333334,3408.6666666666665
166831,17209,62391,87231,2020-04-12 00:00:00,3942.0,391.0,558.3333333333334,3019.6666666666665
170099,17756,64727,87616,2020-04-13 00:00:00,3171.3333333333335,128.33333333333334,483.3333333333333,2798.3333333333335
172541,18056,67504,86981,2020-04-14 00:00:00,3604.3333333333335,495.6666666666667,499.6666666666667,2820.6666666666665
177644,18708,70853,88083,2020-04-15 00:00:00,4949.666666666667,1285.0,519.6666666666666,3356.6666666666665
184948,19315,74797,90836,2020-04-16 00:00:00,6099.333333333333,3019.6666666666665,648.6666666666666,2431.0
190839,20002,74797,96040,2020-04-17 00:00:00,4694.0,2934.3333333333335,445.0,1314.6666666666667
191726,20043,74797,96886,2020-04-18 00:00:00,4575.333333333333,3342.6666666666665,379.3333333333333,853.3333333333334
198674,20453,77357,100864,2020-04-19 00:00:00,3123.6666666666665,1608.0,283.3333333333333,1930.0
200210,20852,80587,98771,2020-04-20 00:00:00,4150.666666666667,1863.0,413.0,2572.3333333333335
204178,21282,82514,100382,2020-04-21 00:00:00,3238.3333333333335,662.0,421.3333333333333,2852.6666666666665
208389,21717,85915,100757,2020-04-22 00:00:00,4271.333333333333,948.6666666666666,435.0,2887.6666666666665
213024,22157,89250,101617,2020-04-23 00:00:00,2948.6666666666665,411.6666666666667,414.0,3280.3333333333335
202990,22524,92355,88111,2020-04-24 00:00:00,2516.6666666666665,286.6666666666667,395.0,3264.3333333333335
205905,22902,95708,87295,2020-04-25 00:00:00,1548.0,0.0,344.3333333333333,3040.6666666666665
207634,23190,98372,86072,2020-04-26 00:00:00,2158.3333333333335,0.0,332.3333333333333,2840.0
209465,23521,100875,85069,2020-04-27 00:00:00,1622.6666666666667,0.0,306.6666666666667,2280.0
210773,23822,102548,84403,2020-04-28 00:00:00,1761.0,0.0,361.6666666666667,3525.0
212917,24275,108947,79695,2020-04-29 00:00:00,1323.3333333333333,0.0,340.6666666666667,3725.0
213435,24543,112050,76842,2020-04-30 00:00:00,1481.0,593.6666666666666,240.33333333333334,3167.3333333333335
215216,24543,112050,78623,2020-05-01 00:00:00,1221.6666666666667,593.6666666666666,275.0,2767.0
216582,25100,117248,74234,2020-05-02 00:00:00,1343.6666666666667,593.6666666666666,240.33333333333334,2284.0
217466,25264,118902,73300,2020-05-03 00:00:00,931.6666666666666,0.0,295.0,3097.6666666666665
218011,25428,121343,71240,2020-05-04 00:00:00,915.6666666666666,0.0,171.0,2079.3333333333335
219329,25613,123486,70230,2020-05-05 00:00:00,953.0,0.0,197.66666666666666,2366.6666666666665
220325,25857,126002,68466,2020-05-06 00:00:00,1145.3333333333333,0.0,214.0,2389.3333333333335
221447,26070,128511,66866,2020-05-07 00:00:00,1176.0,0.0,228.66666666666666,2554.0
222857,26299,131148,65410,2020-05-08 00:00:00,1084.3333333333333,0.0,207.0,2650.0
223578,26478,133952,63148,2020-05-09 00:00:00,967.6666666666666,0.0,183.66666666666666,2551.6666666666665
224350,26621,136166,61563,2020-05-10 00:00:00,1526.3333333333333,663.3333333333334,148.33333333333334,1997.0
227436,26744,137139,63553,2020-05-11 00:00:00,1484.0,663.3333333333334,147.33333333333334,1676.0
228030,26920,138980,62130,2020-05-12 00:00:00,1447.0,663.3333333333334,161.0,1552.3333333333333
228691,27104,140823,60764,2020-05-13 00:00:00,701.3333333333334,0.0,192.33333333333334,2078.3333333333335
229540,27321,143374,58845,2020-05-14 00:00:00,717.6666666666666,0.0,179.66666666666666,1934.3333333333333
230183,27459,144783,57941,2020-05-15 00:00:00,669.0,0.0,153.0,1874.3333333333333
230698,27563,146446,56689,2020-05-16 00:00:00,386.0,0.0,80.66666666666667,1024.0
230698,27563,146446,56689,2020-05-17 00:00:00,474.3333333333333,0.0,83.33333333333333,1864.3333333333333
231606,27709,150376,53521,2020-05-18 00:00:00,446.3333333333333,120.66666666666667,71.66666666666667,1310.0
232037,27778,150376,53883,2020-05-19 00:00:00,619.0,256.6666666666667,108.33333333333333,1310.0
232555,27888,150376,54291,2020-05-20 00:00:00,477.0,400.0,77.0,0.0
233037,27940,150376,54721,2020-05-21 00:00:00,929.0,645.6666666666666,283.3333333333333,0.0
234824,28628,150376,55820,2020-05-22 00:00:00,911.6666666666666,648.3333333333334,263.3333333333333,0.0
235290,28678,150376,56236,2020-05-23 00:00:00,911.6666666666666,641.0,270.6666666666667,0.0
235772,28752,150376,56644,2020-05-24 00:00:00,316.0,790.0,41.333333333333336,0.0
235400,26834,150376,58190,2020-05-25 00:00:00,447.0,843.3333333333334,119.0,0.0
236259,27117,150376,58766,2020-05-26 00:00:00,286.3333333333333,707.3333333333334,94.33333333333333,0.0
236259,27117,150376,58766,2020-05-27 00:00:00,835.3333333333334,740.3333333333334,95.0,0.0
237906,27119,150376,60411,2020-05-28 00:00:00,768.3333333333334,767.0,1.3333333333333333,0.0
238564,27121,150376,61067,2020-05-29 00:00:00,989.6666666666666,987.0,2.6666666666666665,0.0
239228,27125,150376,61727,2020-05-30 00:00:00,524.3333333333334,521.6666666666666,2.6666666666666665,0.0
239479,27127,150376,61976,2020-05-31 00:00:00,358.0,356.0,2.0,0.0
239638,27127,150376,62135,2020-06-01 00:00:00,234.66666666666666,234.0,0.6666666666666666,0.0
239932,27127,150376,62429,2020-06-02 00:00:00,282.3333333333333,282.0,0.3333333333333333,0.0
240326,27128,150376,62822,2020-06-03 00:00:00,340.6666666666667,338.6666666666667,2.0,0.0
240660,27133,150376,63151,2020-06-04 00:00:00,348.6666666666667,346.3333333333333,2.3333333333333335,0.0
240978,27134,150376,63468,2020-06-05 00:00:00,328.0,325.6666666666667,2.3333333333333335,0.0
241310,27135,150376,63799,2020-06-06 00:00:00,296.6666666666667,295.6666666666667,1.0,0.0
241550,27136,150376,64038,2020-06-07 00:00:00,246.33333333333334,245.66666666666666,0.6666666666666666,0.0
241717,27136,150376,64205,2020-06-08 00:00:00,218.66666666666666,218.33333333333334,0.3333333333333333,0.0
241966,27136,150376,64454,2020-06-09 00:00:00,243.33333333333334,243.33333333333334,0.0,0.0
242280,27136,150376,64768,2020-06-10 00:00:00,330.0,330.0,0.0,0.0
242707,27136,150376,65195,2020-06-11 00:00:00,414.3333333333333,414.3333333333333,0.0,0.0
243209,27136,150376,65697,2020-06-12 00:00:00,441.6666666666667,441.6666666666667,0.0,0.0
243605,27136,150376,66093,2020-06-13 00:00:00,407.0,407.0,0.0,0.0
243928,27136,150376,66416,2020-06-14 00:00:00,300.0,300.0,0.0,0.0
244109,27136,150376,66597,2020-06-15 00:00:00,241.0,241.0,0.0,0.0
244328,27136,150376,66816,2020-06-16 00:00:00,251.66666666666666,251.66666666666666,0.0,0.0
244683,27136,150376,67171,2020-06-17 00:00:00,386.3333333333333,386.3333333333333,0.0,0.0
245268,27136,150376,67756,2020-06-18 00:00:00,415.6666666666667,313.3333333333333,393.0,0.0
245575,28315,150376,66884,2020-06-19 00:00:00,418.3333333333333,313.6666666666667,395.3333333333333,0.0
245938,28322,150376,67240,2020-06-20 00:00:00,334.6666666666667,229.66666666666666,395.6666666666667,0.0
246272,28323,150376,67573,2020-06-21 00:00:00,309.6666666666667,306.6666666666667,3.0,0.0
246504,28324,150376,67804,2020-06-22 00:00:00,271.3333333333333,270.3333333333333,1.0,0.0
246752,28325,150376,68051,2020-06-23 00:00:00,271.3333333333333,270.0,1.3333333333333333,0.0
247086,28327,150376,68383,2020-06-24 00:00:00,327.3333333333333,325.3333333333333,2.0,0.0
247486,28330,150376,68780,2020-06-25 00:00:00,384.3333333333333,380.0,4.333333333333333,0.0
247905,28338,150376,69191,2020-06-26 00:00:00,461.0,456.3333333333333,4.666666666666667,0.0
248469,28341,150376,69752,2020-06-27 00:00:00,428.0,423.6666666666667,4.333333333333333,0.0
248770,28343,150376,70051,2020-06-28 00:00:00,355.0,352.3333333333333,2.6666666666666665,0.0
248970,28346,150376,70248,2020-06-29 00:00:00,267.3333333333333,262.6666666666667,4.666666666666667,0.0
249271,28355,150376,70540,2020-06-30 00:00:00,296.3333333333333,289.3333333333333,7.0,0.0
249659,28364,150376,70919,2020-07-01 00:00:00,377.6666666666667,370.3333333333333,7.333333333333333,0.0
250103,28368,150376,71359,2020-07-02 00:00:00,424.6666666666667,414.6666666666667,10.0,0.0
250545,28385,150376,71784,2020-07-03 00:00:00,295.3333333333333,288.3333333333333,7.0,0.0
250545,28385,150376,71784,2020-07-04 00:00:00,147.33333333333334,141.66666666666666,5.666666666666667,0.0
250545,28385,150376,71784,2020-07-05 00:00:00,414.6666666666667,413.6666666666667,1.0,0.0
251789,28388,150376,73025,2020-07-06 00:00:00,528.3333333333334,526.0,2.3333333333333335,0.0
252130,28392,150376,73362,2020-07-07 00:00:00,656.0,652.3333333333334,3.6666666666666665,0.0
252513,28396,150376,73741,2020-07-08 00:00:00,422.3333333333333,418.0,4.333333333333333,0.0
253056,28401,150376,74279,2020-07-09 00:00:00,592.6666666666666,589.0,3.6666666666666665,0.0
253908,28403,150376,75129,2020-07-10 00:00:00,465.0,462.6666666666667,2.3333333333333335,0.0
253908,28403,150376,75129,2020-07-11 00:00:00,284.0,283.3333333333333,0.6666666666666666,0.0
253908,28403,150376,75129,2020-07-12 00:00:00,681.6666666666666,680.6666666666666,1.0,0.0
255953,28406,150376,77171,2020-07-13 00:00:00,903.6666666666666,901.6666666666666,2.0,0.0
256619,28409,150376,77834,2020-07-14 00:00:00,1195.3333333333333,1192.0,3.3333333333333335,0.0
257494,28413,150376,78705,2020-07-15 00:00:00,967.3333333333334,964.0,3.3333333333333335,0.0
258855,28416,150376,80063,2020-07-16 00:00:00,1212.0,1208.3333333333333,3.6666666666666665,0.0
260255,28420,150376,81459,2020-07-17 00:00:00,920.3333333333334,918.0,2.3333333333333335,0.0
260255,28420,150376,81459,2020-07-18 00:00:00,466.6666666666667,465.3333333333333,1.3333333333333333,0.0
260255,28420,150376,81459,2020-07-19 00:00:00,1527.0,1526.3333333333333,0.6666666666666666,0.0
264836,28422,150376,86038,2020-07-20 00:00:00,1979.6666666666667,1978.3333333333333,1.3333333333333333,0.0
266194,28424,150376,87394,2020-07-21 00:00:00,2432.0,2430.0,2.0,0.0
267551,28426,150376,88749,2020-07-22 00:00:00,1776.6666666666667,1774.3333333333333,2.3333333333333335,0.0
270166,28429,150376,91361,2020-07-23 00:00:00,2075.6666666666665,2073.0,2.6666666666666665,0.0
272421,28432,150376,93613,2020-07-24 00:00:00,1623.3333333333333,1621.3333333333333,2.0,0.0
272421,28432,150376,93613,2020-07-25 00:00:00,751.6666666666666,750.6666666666666,1.0,0.0
272421,28432,150376,93613,2020-07-26 00:00:00,2120.3333333333335,2119.6666666666665,0.6666666666666666,0.0
278782,28434,150376,99972,2020-07-27 00:00:00,2729.6666666666665,2728.3333333333335,1.3333333333333333,0.0
280610,28436,150376,101798,2020-07-28 00:00:00,3406.6666666666665,3403.6666666666665,3.0,0.0
282641,28441,150376,103824,2020-07-29 00:00:00,2216.0,2213.0,3.0,0.0
285430,28443,150376,106611,2020-07-30 00:00:00,2637.3333333333335,2634.3333333333335,3.0,0.0
288522,28445,150376,109701,2020-07-31 00:00:00,1960.3333333333333,1959.0,1.3333333333333333,0.0
288522,28445,150376,109701,2020-08-01 00:00:00,1030.6666666666667,1030.0,0.6666666666666666,0.0
288522,28445,150376,109701,2020-08-02 00:00:00,2844.0,2835.0,9.0,0.0
297054,28472,150376,118206,2020-08-03 00:00:00,4764.0,4746.333333333333,17.666666666666668,0.0
302814,28498,150376,123940,2020-08-04 00:00:00,5748.333333333333,5730.333333333333,18.0,0.0
305767,28499,150376,126892,2020-08-05 00:00:00,4267.0,4257.666666666667,9.333333333333334,0.0
309855,28500,150376,130979,2020-08-06 00:00:00,3849.3333333333335,3847.6666666666665,1.6666666666666667,0.0
314362,28503,150376,135483,2020-08-07 00:00:00,2865.0,2863.6666666666665,1.3333333333333333,0.0
314362,28503,150376,135483,2020-08-08 00:00:00,1502.3333333333333,1501.3333333333333,1.0,0.0
314362,28503,150376,135483,2020-08-09 00:00:00,2872.6666666666665,2848.3333333333335,24.333333333333332,0.0
322980,28576,150376,144028,2020-08-10 00:00:00,4083.3333333333335,4057.3333333333335,26.0,0.0
326612,28581,150376,147655,2020-08-11 00:00:00,5140.666666666667,5115.333333333333,26.0,0.0
329784,28579,150376,150829,2020-08-12 00:00:00,4784.666666666667,4775.0,10.333333333333334,0.0
337334,28605,150376,158353,2020-08-13 00:00:00,5400.333333333333,5388.333333333333,12.666666666666666,0.0
342813,28617,150376,163820,2020-08-14 00:00:00,4343.0,4330.333333333333,12.666666666666666,0.0
342813,28617,150376,163820,2020-08-15 00:00:00,1826.3333333333333,1822.3333333333333,4.0,0.0
342813,28617,150376,163820,2020-08-16 00:00:00,5423.0,5413.333333333333,9.666666666666666,0.0
359082,28646,150376,180060,2020-08-17 00:00:00,7127.666666666667,7110.0,17.666666666666668,0.0
364196,28670,150376,185150,2020-08-18 00:00:00,9351.333333333334,9291.333333333334,60.0,0.0
370867,28797,150376,191694,2020-08-19 00:00:00,6274.666666666667,6219.0,55.666666666666664,0.0
377906,28813,150376,198717,2020-08-20 00:00:00,7286.0,7230.0,56.0,0.0
386054,28838,150376,206840,2020-08-21 00:00:00,5062.333333333333,5048.666666666667,13.666666666666666,0.0
386054,28838,150376,206840,2020-08-22 00:00:00,2716.0,2707.6666666666665,8.333333333333334,0.0
386054,28838,150376,206840,2020-08-23 00:00:00,6460.666666666667,6449.333333333333,11.333333333333334,0.0
405436,28872,150376,226188,2020-08-24 00:00:00,8833.0,8804.333333333334,28.666666666666668,0.0
412553,28924,150376,233253,2020-08-25 00:00:00,11265.0,11220.666666666666,44.333333333333336,0.0
419849,28971,150376,240502,2020-08-26 00:00:00,8023.666666666667,7982.333333333333,41.333333333333336,0.0
429507,28996,150376,250135,2020-08-27 00:00:00,8911.0,8882.0,29.0,0.0
439286,29011,150376,259899,2020-08-28 00:00:00,6479.0,6465.666666666667,13.333333333333334,0.0
439286,29011,150376,259899,2020-08-29 00:00:00,3259.6666666666665,3254.6666666666665,5.0,0.0
439286,29011,150376,259899,2020-08-30 00:00:00,7857.333333333333,7829.666666666667,27.666666666666668,0.0
462858,29094,150376,283388,2020-08-31 00:00:00,10562.333333333334,10515.333333333334,47.0,0.0
470973,29152,150376,291445,2020-09-01 00:00:00,13422.666666666666,13361.666666666666,61.0,0.0
479554,29194,150376,299984,2020-09-02 00:00:00,8551.666666666666,8505.0,46.666666666666664,0.0
488513,29234,150376,308903,2020-09-03 00:00:00,9338.666666666666,9250.0,88.66666666666667,0.0
498989,29418,150376,319195,2020-09-04 00:00:00,6478.333333333333,6403.666666666667,74.66666666666667,0.0
498989,29418,150376,319195,2020-09-05 00:00:00,3492.0,3430.6666666666665,61.333333333333336,0.0
498989,29418,150376,319195,2020-09-06 00:00:00,8853.333333333334,8820.666666666666,32.666666666666664,0.0
525549,29516,150376,345657,2020-09-07 00:00:00,11841.333333333334,11782.666666666666,58.666666666666664,0.0
534513,29594,150376,354543,2020-09-08 00:00:00,14796.666666666666,14726.666666666666,70.0,0.0
543379,29628,150376,363375,2020-09-09 00:00:00,9531.333333333334,9470.333333333334,61.0,0.0
554143,29699,150376,374068,2020-09-10 00:00:00,10604.333333333334,10553.333333333334,51.0,0.0
566326,29747,150376,386203,2020-09-11 00:00:00,7649.0,7609.333333333333,39.666666666666664,0.0
566326,29747,150376,386203,2020-09-12 00:00:00,4061.0,4045.0,16.0,0.0
566326,29747,150376,386203,2020-09-13 00:00:00,9134.666666666666,9101.0,33.666666666666664,0.0
593730,29848,150376,413506,2020-09-14 00:00:00,12280.333333333334,12194.666666666666,85.66666666666667,0.0
603167,30004,150376,422787,2020-09-15 00:00:00,16011.333333333334,15846.0,165.33333333333334,0.0
614360,30243,150376,433741,2020-09-16 00:00:00,10640.333333333334,10454.666666666666,185.66666666666666,0.0
625651,30405,150376,444870,2020-09-17 00:00:00,12291.0,12127.333333333334,163.66666666666666,0.0
640040,30495,150376,459169,2020-09-18 00:00:00,8560.0,8476.0,84.0,0.0
640040,30495,150376,459169,2020-09-19 00:00:00,4796.333333333333,4766.333333333333,30.0,0.0
640040,30495,150376,459169,2020-09-20 00:00:00,10476.0,10420.0,56.0,0.0
671468,30663,150376,490429,2020-09-21 00:00:00,14075.666666666666,13939.333333333334,136.33333333333334,0.0
682267,30904,150376,500987,2020-09-22 00:00:00,17838.666666666668,17659.0,179.66666666666666,0.0
693556,31034,150376,512146,2020-09-23 00:00:00,10913.666666666666,10762.0,151.66666666666666,0.0
704209,31118,150376,522715,2020-09-24 00:00:00,11404.666666666666,11295.333333333334,109.33333333333333,0.0
716481,31232,150376,534873,2020-09-25 00:00:00,7641.666666666667,7575.666666666667,66.0,0.0
716481,31232,150376,534873,2020-09-26 00:00:00,4090.6666666666665,4052.6666666666665,38.0,0.0
716481,31232,150376,534873,2020-09-27 00:00:00,10595.0,10535.333333333334,59.666666666666664,0.0
748266,31411,150376,566479,2020-09-28 00:00:00,10595.0,10535.333333333334,59.666666666666664,0.0
748266,31411,150376,566479,2020-09-29 00:00:00,17569.0,17382.666666666668,186.33333333333334,0.0
769188,31791,150376,587021,2020-09-30 00:00:00,10113.666666666666,9926.333333333334,187.33333333333334,0.0
778607,31973,150376,596258,2020-10-01 00:00:00,13888.666666666666,13663.666666666666,225.0,0.0
789932,32086,150376,607470,2020-10-02 00:00:00,6914.666666666667,6816.333333333333,98.33333333333333,0.0
789932,32086,150376,607470,2020-10-03 00:00:00,3775.0,3737.3333333333335,37.666666666666664,0.0
789932,32086,150376,607470,2020-10-04 00:00:00,7826.666666666667,7780.333333333333,46.333333333333336,0.0
813412,32225,150376,630811,2020-10-05 00:00:00,11826.0,11692.666666666666,133.33333333333334,0.0
825410,32486,150376,642548,2020-10-06 00:00:00,15323.0,15164.333333333334,158.66666666666666,0.0
835901,32562,150376,652963,2020-10-07 00:00:00,11637.333333333334,11483.0,154.33333333333334,0.0
848324,32688,150376,665260,2020-10-08 00:00:00,11900.666666666666,11753.0,147.66666666666666,0.0
861112,32929,150376,677807,2020-10-09 00:00:00,8403.666666666666,8281.333333333334,122.33333333333333,0.0
861112,32929,150376,677807,2020-10-10 00:00:00,4262.666666666667,4182.333333333333,80.33333333333333,0.0
861112,32929,150376,677807,2020-10-11 00:00:00,9285.333333333334,9220.333333333334,65.0,0.0
888968,33124,150376,705468,2020-10-12 00:00:00,11658.0,11566.333333333334,91.66666666666667,0.0
896086,33204,150376,712506,2020-10-13 00:00:00,15648.0,15486.666666666666,161.33333333333334,0.0
908056,33413,150376,724267,2020-10-14 00:00:00,10802.0,10659.0,143.0,0.0
921374,33553,150376,737445,2020-10-15 00:00:00,13491.333333333334,13301.0,190.33333333333334,0.0
936560,33775,150376,752409,2020-10-16 00:00:00,9501.333333333334,9380.666666666666,120.66666666666667,0.0
936560,33775,150376,752409,2020-10-17 00:00:00,5062.0,4988.0,74.0,0.0
936560,33775,150376,752409,2020-10-18 00:00:00,12629.666666666666,12557.333333333334,72.33333333333333,0.0
974449,33992,150376,790081,2020-10-19 00:00:00,17254.0,17109.0,145.0,0.0
988322,34210,150376,803736,2020-10-20 00:00:00,22911.666666666668,22714.666666666668,197.0,0.0
1005295,34366,150376,820553,2020-10-21 00:00:00,17277.333333333332,17101.0,176.33333333333334,0.0
1026281,34521,150376,841384,2020-10-22 00:00:00,19270.0,19089.333333333332,180.66666666666666,0.0
1046132,34752,150376,861004,2020-10-23 00:00:00,13612.333333333334,13483.666666666666,128.66666666666666,0.0
1046132,34752,150376,861004,2020-10-24 00:00:00,6617.0,6540.0,77.0,0.0
1046132,34752,150376,861004,2020-10-25 00:00:00,17396.0,17303.0,93.0,0.0
1098320,35031,150376,912913,2020-10-26 00:00:00,23535.333333333332,23353.333333333332,182.0,0.0
1116738,35298,150376,931064,2020-10-27 00:00:00,30123.666666666668,29885.666666666668,238.0,0.0
1136503,35466,150376,950661,2020-10-28 00:00:00,20587.666666666668,20385.0,202.66666666666666,0.0
1160083,35639,150376,974068,2020-10-29 00:00:00,22980.0,22786.666666666668,193.33333333333334,0.0
1185678,35878,150376,999424,2020-10-30 00:00:00,16391.666666666668,16254.333333333334,137.33333333333334,0.0
1185678,35878,150376,999424,2020-10-31 00:00:00,8531.666666666666,8452.0,79.66666666666667,0.0
1185678,35878,150376,999424,2020-11-01 00:00:00,18339.666666666668,18213.333333333332,126.33333333333333,0.0
1240697,36257,150376,1054064,2020-11-02 00:00:00,24562.666666666668,24357.0,205.66666666666666,0.0
1259366,36495,150376,1072495,2020-11-03 00:00:00,32910.0,32163.333333333332,746.6666666666666,0.0
1284408,38118,150376,1095914,2020-11-04 00:00:00,21873.0,21130.0,743.0,0.0
1306316,38486,150376,1117454,2020-11-05 00:00:00,23155.333333333332,22376.0,779.3333333333334,0.0
1328832,38833,150376,1139623,2020-11-06 00:00:00,14808.0,14569.666666666666,238.33333333333334,0.0
1328832,38833,150376,1139623,2020-11-07 00:00:00,7505.333333333333,7389.666666666667,115.66666666666667,0.0
1328832,38833,150376,1139623,2020-11-08 00:00:00,17462.0,17291.333333333332,170.66666666666666,0.0
1381218,39345,150376,1191497,2020-11-09 00:00:00,17462.0,17291.333333333332,170.66666666666666,0.0
1381218,39345,150376,1191497,2020-11-10 00:00:00,29625.666666666668,29201.666666666668,424.0,0.0
1417709,40105,150376,1227228,2020-11-11 00:00:00,18667.333333333332,18295.333333333332,372.0,0.0
1437220,40461,150376,1246383,2020-11-12 00:00:00,25791.0,25316.333333333332,474.6666666666667,0.0
1458591,40769,150376,1267446,2020-11-13 00:00:00,13627.333333333334,13406.0,221.33333333333334,0.0
1458591,40769,150376,1267446,2020-11-14 00:00:00,7123.666666666667,7021.0,102.66666666666667,0.0
