timestep,incidence,aPosterior,bPosterior,MeanR,StdR,RQuantile025,RQuantile05,RQuantile25,Rmedian,RQuantile75,RQuantile95,RQuantile975
22,0.7,4.7,0.3250972269972562,1.527956966887104,0.7047939932392556,0.4740148619308084,0.5800826425527889,1.0131743642986366,1.421064844696521,1.926831103544213,2.840830811849065,3.1875787943861362
23,0.7,5.300000000000001,0.3397665982754483,1.8007629708598762,0.7822014503370922,0.6091636963057185,0.7337039215935796,1.230706636033672,1.6888619048639426,2.2494032058530316,3.249884285765359,3.626651147293281
24,0.7,5.9,0.34918486890199074,2.0601907265217454,0.8481670995467772,0.7480864678040585,0.8894710248626438,1.4433602416667342,1.9450379102097146,2.552014894072089,3.624040337262235,4.025198805932984
25,0.1,5.3,0.3501844993070623,1.8559778463274301,0.8061852596278171,0.6278418333926966,0.7562007028559693,1.268442481753136,1.7406456772248504,2.31837425862195,3.3495320234333605,3.737851285624892
26,0.1,4.7,0.3414444124644452,1.6047887385828925,0.7402338468180132,0.4978502201519731,0.6092515119144077,1.064120813140327,1.492521654069282,2.023719858039346,2.98367911785013,3.3478629722131856
27,0.1,4.1,0.3244068525309832,1.3300680953770312,0.6568738116816214,0.37007921461115006,0.4621369620679435,0.8491944629601867,1.2236361563400315,1.695626785106686,2.5614754748898068,2.8928437501537667
28,0.1,3.5,0.30543128556934046,1.0690094994926915,0.571409612901192,0.2580694581491463,0.3309882345377495,0.6497824861640636,0.9691046357142248,1.3801137967186985,2.1482723958632186,2.4453995889594213
29,0.1,2.9000000000000004,0.2900548399369809,0.8411590358172447,0.49394559365937873,0.16708014889798972,0.22242787416120902,0.47812471624444053,0.7467008843818254,1.1021281275980852,1.7825926401222545,2.04934674974822
30,0.1,2.3,0.28099367559933525,0.646285453878471,0.4261480085271973,0.09616654627396072,0.13544114323101183,0.33295562774590265,0.5554192188145676,0.8616718197587088,1.4676304406039067,1.7094125984600594
31,0.1,1.7,0.2790746443796612,0.474426895445424,0.3638688185741922,0.04358511688617115,0.06760519049841272,0.20792811439530684,0.38533568531563295,0.6452969184089702,1.1857164742317534,1.4068463509214728
32,0.0,1.6,0.2846454395450368,0.45543270327205887,0.36005116581683155,0.03730508441666011,0.05923015383913286,0.1921498463458743,0.36485742493473816,0.6215900986348967,1.1611654211263838,1.383138044185359
33,0.0,1.5,0.29860985076101865,0.44791477614152797,0.3657208832665654,0.03221929856962699,0.05253238821696195,0.1810371346106459,0.3532515542588936,0.6133961340519757,1.1667773664639014,1.3957627025961818
34,0.0,1.4,0.3224914148095963,0.4514879807334348,0.381576987875649,0.027995395398739742,0.04706004651960478,0.17378055825700126,0.3497005029116774,0.620304514603027,1.2037040294553534,1.4466583956094596
35,0.3,1.6,0.3583271864726804,0.5733234983562887,0.45325202272541854,0.04696167260404202,0.07456214444694263,0.24188869469444316,0.4593024035427991,0.7824914797128781,1.461738291140794,1.7411695218740677
36,0.9,2.4,0.4078388321376556,0.9788131971303734,0.6318212019223289,0.15428585727207614,0.21484707546138723,0.5142098678597925,0.8467374617094179,1.300983322051878,2.1940813606673184,2.549243880793424
37,3.7,6.0,0.472638167978053,2.835829007868318,1.1577223445100735,1.0406992660513184,1.2350105015965893,1.994159393129022,2.6799345963731325,3.508252196987546,4.968861559156917,5.514899097330613
38,6.4,12.3,0.5501542813716289,6.766897660871036,1.929465656530808,3.5296796021704124,3.935150760348861,5.385531326916998,6.584422802531799,7.949733572747368,10.221342432102036,11.040005076416131
39,12.6,24.9,0.6139739275991348,15.287950797218457,3.0637237466701435,9.88397156878864,10.620928542941746,13.125439764193748,15.083787049995065,17.22811076070578,20.651538083083153,21.85157753564505
40,16.9,41.8,0.5871731610355808,24.543838131287277,3.7962459113568463,17.67405266355993,18.65073931961916,21.887988740591236,24.348393648392822,26.98674931214777,31.103697727351662,32.5239795056164
41,25.6,67.4,0.4317286432510595,29.09851055512141,3.5443843587552974,22.56913535070997,23.524070542071577,26.635969551753895,28.954728221408956,31.40436565456013,35.163442344732914,36.44483480204172
42,27.1,94.19999999999999,0.25628124992970464,24.141693743378173,2.4873808409596405,19.513599449313254,20.201109190891053,22.420698304108015,24.05632060893936,25.76964500057657,28.373509514507724,29.254891160832994
43,38.6,131.9,0.14267181981279875,18.818413033308158,1.6385533965821697,15.744098536745403,16.206746397865608,17.68884402212699,18.77087718546891,19.896171219056452,21.59223495531832,22.16284387460859
44,48.9,177.1,0.08158180884675792,14.448138346760826,1.085681933531619,12.398532862958227,12.709919114405794,13.701793468331669,14.420953528582356,15.164852272666538,16.279090073425586,16.65222186315677
45,85.6,256.3,0.04933889343622709,12.645558387705004,0.7898847116716242,11.144660701286679,11.37496214873021,12.104205857023333,12.629115897868534,13.1689881662486,13.97224252408426,14.239892774499495
46,122.7,366.4,0.03152207056002426,11.54968665319289,0.6033821654872779,10.397212726572654,10.575452478593505,11.13718765112412,11.539180997427838,11.950733892966342,12.55975704019568,12.761861294519884
47,143.7,493.2,0.020993074557909622,10.353784371961025,0.466216438231319,9.460060183103899,9.599045583791998,10.035628546022814,10.346787521854997,10.6643131068409,11.13239027506291,11.287270063871784
48,146.9,614.5,0.01433819306551427,8.810819638758518,0.35543105245032314,8.127865880276044,8.234451815064649,8.568551246388138,8.80604070224472,9.047878582862568,9.403488967902438,9.520931140879703
49,227.1,814.5,0.00996231106447209,8.114302362012518,0.2843188425017753,7.566542681731775,7.652371311991688,7.920765178210579,8.110981833369918,8.304219852308007,8.58756009598511,8.680932040114898
50,286.4,1062.3,0.007055306559177521,7.494852157814281,0.22995321173902505,7.05087136368814,7.120666094592958,7.338495855832976,7.492500520197199,7.648644932747556,7.877059900513785,7.952196955767379
51,273.3,1286.7,0.0051034422318761985,6.566599119755105,0.18306353888079208,6.212659108639224,6.268415567490475,6.442214912603155,6.564898050713438,6.689128979377797,6.870585189762028,6.930206071144167
52,432.1,1633.1999999999998,0.0037592354701208907,6.139583369801438,0.1519214914866291,5.845399126214611,5.891850113876263,6.0364423153580535,6.138330336788438,6.241358478676862,6.391590843815212,6.440888441678902
53,505.3,2015.8,0.002815574204899584,5.675634482236581,0.12641269732358346,5.430547615362125,5.469317054744369,5.589866569213919,5.674695985096789,5.760379326024191,5.885153213277877,5.926054717614003
54,485.1,2357.2000000000003,0.0021433737729890396,5.052360657689765,0.10406294885968731,4.850438657568171,4.882419511938056,4.98178726771359,5.051646217729463,5.122155225064847,5.224738825602449,5.258342739490541
55,780.6,2990.9,0.0016552490200810153,4.950684294160309,0.09052411461394873,4.774833230405376,4.80273233055541,4.889329687942145,4.950132555420202,5.011437439743002,5.100518289824129,5.129670830482142
56,845.9,3609.7000000000003,0.0012962396640567335,4.679036315345591,0.0778790887306267,4.527627528899168,4.551677767021844,4.6262748083471426,4.678604242551604,4.731326811138959,4.807868703639364,4.832900527296317
57,975.9,4299.2,0.0010280896215450006,4.419962900946267,0.0674100733279292,4.288818023030872,4.309670750372944,4.374310632399477,4.419620209129809,4.465241593889641,4.531424004499412,4.553055262504699
58,1239.6,5265.5,0.0008231427021847143,4.334257898353613,0.059730333653983836,4.217970177603489,4.236480431928625,4.293822238906223,4.33398352054105,4.374394452437957,4.43297129226544,4.452104881871828
59,1296.7,6130.099999999999,0.0006642198561813933,4.071734140377559,0.05200506384123042,3.970436657446388,3.9865727023621655,4.0365376191285645,4.071512735899282,4.106689303522162,4.157650808949628,4.1742898441296585
60,1423.9,7048.700000000001,0.0005396409056952697,3.803766851974248,0.04530638132816423,3.7154801988322905,3.7295525388260726,3.7731109053079526,3.803586973184703,3.8342267085443122,3.8785947477582874,3.8930757396294164
61,1673.0,8236.6,0.0004412089108403547,3.6340613150276657,0.040042230641292,3.5559987097514547,3.5684494926287846,3.606973675544472,3.6339142464488767,3.6609886315190923,3.7001748014463662,3.712959697642118
62,1920.0,9376.0,0.00036348243211609604,3.4080112835205165,0.03519591212077243,3.3393734796767647,3.3503265402042426,3.384206422108835,3.407890123475615,3.4316840654098004,3.4661093145085218,3.4773376289925944
63,2129.6,10659.7,0.00030206222921648474,3.2198927447789627,0.03118666350102106,3.159054607810308,3.1687675481440096,3.198803138058618,3.219792057928983,3.2408725902731574,3.271361393176929,3.281303076145106
64,2353.7,12037.5,0.0002532503092431432,3.048500597514336,0.027785494759827698,2.9942822907581457,3.0029419544147027,3.0297138369595453,3.0484161811601753,3.0671953336896767,3.094347192258637,3.1031986349550524
65,2654.4,13452.300000000001,0.0002142125055073227,2.881650887836157,0.024845234083839582,2.8331583323583005,2.840906259254453,2.864854339016167,2.881579483982209,2.89836959751265,2.9226390812632297,2.9305492251539924
66,2949.1,15104.7,0.0001827590286830136,2.7605203005483157,0.02246130024704605,2.7166703166564017,2.723678941932798,2.7453373611932506,2.760459381111096,2.7756368300744496,2.7975694607299895,2.804716484294994
67,3377.4,17058.2,0.00015721860303964975,2.6818663743709537,0.020533857039475356,2.6417698705415065,2.6481808021078557,2.667988081306417,2.6818139683520004,2.695687538290257,2.7157307081736017,2.722260697069338
68,3495.0,18880.199999999997,0.00013629637376576505,2.573302795972397,0.01872783595860296,2.5367261755770056,2.542575927942879,2.560646420925171,2.5732573639904093,2.5859096444443237,2.6041846364834886,2.6101376024068568
69,3578.1,20538.299999999996,0.0001189477812161055,2.442985214950739,0.01704663224399884,2.409687233766748,2.4150137862920866,2.431465926726135,2.442945565804736,2.4544612806143338,2.4710918903264205,2.4765085188273432
70,4315.0,22723.7,0.00010439229353984067,2.3721791607112777,0.01573649336015062,2.3414351947223833,2.3463544168036528,2.361546175413957,2.372144363370844,2.382774212522314,2.398122601398404,2.403120877009993
71,4592.7,24962.7,9.212072686259434e-05,2.299582068452884,0.014554695861682163,2.2711427411869347,2.2756942104343003,2.28974840961374,2.2995513616168264,2.309382252967886,2.323574670179713,2.328195900050814
72,4339.7,26648.0,8.175065484547608e-05,2.178491450322247,0.01334515277691172,2.152412947792283,2.156587201975199,2.1694754899151873,2.178464200164564,2.1874777046187837,2.200488651343515,2.2047248131805794
73,4542.9,28241.800000000003,7.293343859419376e-05,2.0597715860895014,0.012256680810567099,2.035818086705058,2.039652688996169,2.0514913826490706,2.0597472749943155,2.0680252873670817,2.0799734104565863,2.0838632433638224
74,4485.0,29349.4,6.540882998518904e-05,1.9197099147673073,0.011205622670601422,1.8978093155771676,1.9013155663890706,1.9121399999939144,1.9196881118680018,1.9272560616272507,1.9381786347430774,1.9417344179851814
75,4386.3,30240.7,5.901085969052622e-05,1.7845297046432962,0.010261901968654823,1.7644726969015054,1.767683993022947,1.7775974770330065,1.7845100343952789,1.7914404891988374,1.801442513200654,1.804698496737832
76,4310.4,30973.0,5.36169571919902e-05,1.6606780151075125,0.009436127492022285,1.6422343807993527,1.645187508319615,1.654303739667732,1.6606601428226433,1.6670328074991043,1.6762294858225624,1.6792232160971985
77,3762.3,30420.3,4.912021758800308e-05,1.49425175509233,0.00856726160108297,1.4775068035858823,1.480187844540253,1.4884643349678073,1.4942353817183636,1.500021326171142,1.5083715166555163,1.5110897550958786
78,3615.4,29442.999999999996,4.541244712997896e-05,1.3370786808479704,0.007792304851751533,1.3218491019204177,1.3242873494665215,1.3318146326822184,1.337063543396061,1.3423262272795857,1.3499216474025528,1.3523942846310937
79,3919.6,29022.899999999998,4.2403514004936786e-05,1.2306729466138797,0.007223908743003227,1.216554550965115,1.2188148299228045,1.2257928205511073,1.2306588121380717,1.2355376643133005,1.2425792772389597,1.2448716672895819
80,3790.9,28270.9,4.003651179290948e-05,1.1318682212461646,0.0067317200913244715,1.1187122538629595,1.1208183350533303,1.127320500115983,1.1318548757702078,1.136401394122772,1.1429636300256758,1.1451000298362084
81,3623.3,27409.2,3.825337405595725e-05,1.0484943801745434,0.006333123062153921,1.036117958496653,1.038099112627235,1.044215831763844,1.0484816290774268,1.052759028280006,1.0589331428305282,1.0609432652537683
82,7185.7,30208.600000000002,3.697832057541572e-05,1.1170632949345034,0.006427061896630389,1.104501545718075,1.1065127832823294,1.1127216151575958,1.1170509688518249,1.1213915377244823,1.1276558519331548,1.1296950922343243
83,7150.1,33048.3,3.613300191327276e-05,1.1941342871304121,0.006568687576798564,1.181294153637707,1.183350338646482,1.189697234149764,1.1941222428180382,1.1985582102884702,1.2049593198170514,1.207042867432207
84,7314.6,36600.6,3.559903902125385e-05,1.3029461876013035,0.006810553000675697,1.2896314986715003,1.2917640998472404,1.2983460943288452,1.302934321274176,1.3075333450766866,1.3141687524342198,1.3163283118675901
85,7218.3,40203.5,3.5183457873040743e-05,1.4144981485987935,0.007054568450495026,1.4007048027395812,1.4029144528050816,1.4097335436105196,1.414486420796789,1.4192499687991544,1.4261218489495482,1.4283581425699563
86,8387.0,44670.9,3.467561837285995e-05,1.5489910807721896,0.007328862366003358,1.5346596457607369,1.536955920687208,1.5440415582172073,1.5489795222480653,1.5539280030728244,1.5610656679920705,1.5633882019057102
87,8049.4,48929.4,3.3906898534944044e-05,1.6590442011756912,0.0075002028902058015,1.6443762149648704,1.6467267718675767,1.6539792495375638,1.6590328988898682,1.6640968318910867,1.6714001835670989,1.6737764173294116
88,7603.3,52909.4,3.2787383238088734e-05,1.7347607746973321,0.0075417681180479906,1.7200102599419944,1.7223743381067003,1.7296679898226577,1.734749845581827,1.7398416454517425,1.7471844914544385,1.7495733987011413
89,4471.3,50195.00000000001,3.1314474321837516e-05,1.5718300385846344,0.007015770191614846,1.5581090652742653,1.5603079536771938,1.5670923011899094,1.5718196004388503,1.5765563970785557,1.5833877289181866,1.5856103310028855
90,4285.6,47330.50000000001,2.9571704459249454e-05,1.3996435579085065,0.006433494046221132,1.387062173541603,1.3890782404866542,1.3952988759744829,1.3996337006860284,1.403977494222005,1.4102424991765923,1.4122809600439656
91,3971.9,43987.799999999996,2.7741991386118368e-05,1.2203091686942975,0.005818402396390135,1.208931608161395,1.210754546068052,1.2163796917621847,1.2202999213762933,1.2242285648793634,1.2298953347296442,1.2317392809587202
92,3511.9,40281.4,2.6063542900884483e-05,1.0498759970076883,0.0052310121476267625,1.0396481100440293,1.0412865906666284,1.0463430134359917,1.0498673091728357,1.053399509740254,1.0584950383122924,1.0601532562058036
93,2059.4,33953.8,2.4708957543539036e-05,0.8389630026418158,0.004553010126595004,0.8300626929436373,0.8314880411107344,0.8358875711158748,0.8389547663370095,0.8420294555544823,0.8464660589286881,0.8479101185644529
94,2008.0,27912.400000000005,2.375748755943026e-05,0.6631284957538414,0.003969164520169904,0.6553716026147571,0.6566133354484078,0.6604470359716154,0.6631205766081345,0.6658013226675977,0.6696706689585424,0.6709303927253878
95,2249.4,22558.500000000004,2.3240619097249172e-05,0.5242735059052955,0.00349062184338613,0.5174540517676895,0.518545186864375,0.521914913702236,0.5242657590526137,0.5266236530627266,0.5300282501400578,0.5311369847440034
96,1628.1,19715.3,2.3186446141442696e-05,0.4571277416123852,0.0032556363065697163,0.4507688011314923,0.45178591062122764,0.45492765586496203,0.45712001282023607,0.45931940200370747,0.462495936192199,0.46353060415436914
97,1822.6,17252.3,2.3626516142368263e-05,0.40761174444298,0.003103295902730024,0.4015518050028914,0.40252074419095224,0.4055143325921415,0.407603868964651,0.4097005710327888,0.41272960864411284,0.41371643954500736
98,1867.6,15148.000000000002,2.4588702713715717e-05,0.37246966870736575,0.003026308965344021,0.36656153563528615,0.3675058516134564,0.37042401138386744,0.37246147250519246,0.3745063911422392,0.3774614437687843,0.378424380082501
99,1867.6,13503.7,2.6090418269761616e-05,0.35231718118937994,0.0030318480537214116,0.3463996182905561,0.34734511169715754,0.3502675180021663,0.3523084844214559,0.3543573638103007,0.35731891612421335,0.35828416705779953
100,1643.7,13088.000000000002,2.8148067404656173e-05,0.36840190619214,0.003220217645982982,0.3621170982714276,0.3631211703127517,0.3662248184385275,0.36839252354548885,0.3705687656863098,0.3737146471073759,0.37474003486953245
101,1409.0,12489.000000000002,3.0782537826124976e-05,0.3844431149104749,0.0034400777210297157,0.3777298894424892,0.3788022448838475,0.3821172587490851,0.38443285411322115,0.3867577855192988,0.39011898542282725,0.3912146515851708
102,1340.6,11580.2,3.400627982625032e-05,0.39379952164394394,0.0036594612620531285,0.3866593726561986,0.3877996384924217,0.39132511279907467,0.3937881862753437,0.3962615735208907,0.3998380707402273,0.40100408852756386
103,1316.4,11268.5,3.7800786414121524e-05,0.42595816170752837,0.004012674107382522,0.41812932910684525,0.4193794602108902,0.4232448299250632,0.4259455615116553,0.42865775770310083,0.4325798435871458,0.43385860010330024
104,875.7,10321.6,4.211887657809357e-05,0.43473419648845063,0.00427907886888916,0.42638732004804175,0.42771976450237303,0.43184040006243185,0.43472015694353294,0.43761268806032716,0.44179651860647445,0.4431608584086393
105,592.0,9046.0,4.689100295820551e-05,0.424176012759927,0.004459824959471566,0.4154794138384297,0.41686700829141043,0.42115944754669193,0.4241603825280042,0.4271755390773825,0.4315383333385169,0.432961436878037
106,1097.3,8275.699999999999,5.203231981279711e-05,0.43060386907476494,0.004733425633547651,0.4213759058001195,0.42284776991543843,0.427401838594548,0.43058652509236095,0.4337869924627348,0.4384191301025083,0.43993039662243594
107,1088.4,7720.4,5.749458169552172e-05,0.4438811685221059,0.00505180780579565,0.43403437534038414,0.4356044987950678,0.4404634102227907,0.4438620038086508,0.4472780349107625,0.4522232107962561,0.4538368730136931
108,1271.0,7582.4,6.329673367574303e-05,0.4799411534229539,0.005511688250277009,0.4691985190740142,0.47091136049586213,0.47621216520841836,0.4799200546766324,0.4836471413928124,0.4890429160566641,0.4908036900096865
109,1180.6,7422.4000000000015,6.948767424608051e-05,0.5157653133241081,0.005986596034450067,0.504097754217466,0.5059579018428324,0.5117148896410195,0.5157421509509613,0.5197904871555795,0.5256517337284332,0.527564502065552
110,1167.0,7273.0,7.608428728157391e-05,0.553361021398887,0.006488611478778652,0.5407157927464292,0.5427316350238832,0.5489708054322698,0.5533356601764444,0.5577235904979914,0.5640769171694734,0.5661503755392774
111,1137.7,7534.999999999999,8.302018487614732e-05,0.62555709304177,0.007206515490506701,0.6115113787490962,0.6137508153981407,0.6206814058970337,0.6255294198644602,0.6304026129989895,0.6374577663632475,0.639760071458147
112,1094.6,8037.5999999999985,9.014926354858437e-05,0.7245837206981016,0.00808212155317074,0.7088286108214822,0.7113412618657229,0.7191161569999402,0.724553671165145,0.7300185266806265,0.7379286811651331,0.7405095993271111
113,589.3,7529.599999999999,9.72376783438665e-05,0.7321608228579771,0.008437631100554505,0.715715660553968,0.7183376552468187,0.7264521978697533,0.7321284105536341,0.7378341144238827,0.7460945517323525,0.7487901813089094
114,605.9,7047.099999999999,0.00010391801092103956,0.7323206147616579,0.008723605999958067,0.7153212992973064,0.7180308811262306,0.7264179033121944,0.7322859757159824,0.7381855653733267,0.7467285052793202,0.7495167807166608
115,513.3,6289.4,0.00010983348955637323,0.6907867492158537,0.008710425891176647,0.6738188942512461,0.6765220867322931,0.6848918709159506,0.6907501383976418,0.6966417172184837,0.7051762944851684,0.7079626600269829
116,430.4,5539.199999999999,0.00011493062985175858,0.6366237448748611,0.008553804298500934,0.6199677175291511,0.622619630938181,0.6308335997288661,0.6365854350747863,0.6423721276454992,0.6507585369914715,0.6534974831624215
117,394.9,4767.099999999999,0.00011950233999075874,0.569679604969946,0.008250942118262593,0.5536215384857761,0.556176290547945,0.5640929295811146,0.5696397713518268,0.575222856865043,0.5833187954731487,0.5859640420249745
118,381.3,4010.7,0.00012408045045363253,0.497649462634384,0.007858025801159126,0.4823658730330879,0.4847950854081467,0.4923270015909929,0.4976081030953966,0.5029268367866107,0.5106449210251537,0.513168094348609
119,392.7,3308.7999999999997,0.0001292747978068514,0.4277444509833099,0.007436166849517972,0.4132926585612419,0.41558697932741345,0.422705621184486,0.42770136015587906,0.43273630663618456,0.44004890942707287,0.44244112409318537
120,502.3,3221.8,0.00013568356721545713,0.4371453168547598,0.0077015216666828324,0.4221795330223196,0.4245550468177663,0.4319263611439719,0.43710008983100124,0.4423149697200875,0.44988986044891077,0.4523681211299036
121,422.4,3038.3,0.00014387348693618068,0.43713081535819776,0.007930418315123085,0.421724196865907,0.42416874287443973,0.43175601021704973,0.43708285846470496,0.4424533417937005,0.4502564732529403,0.45280996779259985
122,389.1,2914.1,0.00015427471620398344,0.4495719504900281,0.008328120140531138,0.43339574451196206,0.4359616783989094,0.4439270402289985,0.44952052663050157,0.45516080265952463,0.46335763414755193,0.4660403927588345
123,437.7,2921.3999999999996,0.0001670315440928513,0.48796595291285577,0.00902805109532361,0.4704300298196147,0.47321169477184605,0.48184665720463205,0.48791027686101873,0.4940245551355652,0.5029101272427792,0.5058182770541338
124,430.9,2957.3999999999996,0.00018205293070023125,0.5384033372528638,0.009900399256881959,0.5191719146853558,0.5222227843111164,0.531692954072409,0.5383426541587497,0.5450475686726541,0.5547908858657511,0.5579796153723339
125,430.9,3007.0,0.00019901529599851317,0.5984389950675291,0.010913226550402822,0.5772385815438428,0.5806021879406938,0.5910424230053827,0.5983726579430266,0.6057632517966305,0.6165020842818362,0.6200163954214529
126,304.9,2919.2000000000003,0.0002172988883352019,0.6343389148281214,0.011740576690261392,0.6115343091255573,0.6151517090828781,0.6263810299354536,0.6342664833359037,0.6422178408228094,0.6537731911274698,0.6575551409530698
127,222.6,2639.5,0.00023600565592267733,0.6229369288079069,0.012125041792990579,0.5993966008230408,0.6031280810510019,0.614716397702376,0.6228582620223599,0.6310717038813409,0.6430141163347277,0.6469243115149859
128,661.9,2879.0,0.00025417747180848666,0.7317769413366331,0.01363822616313033,0.7052880627213478,0.7094894859040906,0.7225324988584844,0.7316922172568533,0.7409290245520974,0.7543533984895038,0.7587472978053794
129,684.1,3174.0,0.00027125925965109786,0.8609768901325846,0.01528227580545743,0.8312819260519417,0.8359949402596998,0.8506204589522893,0.8608864720677178,0.871234754858213,0.8862672643871211,0.8911856905826314
130,896.9,3633.2,0.00028700318684658636,1.0427399784510174,0.01729941319431913,1.0091064009167314,1.0144490732121971,1.0310201416560107,1.0426443122826126,1.0543555276356984,1.0713572097705932,1.0769172170498054
131,931.4,4133.7,0.0003006271600667931,1.2427024915681024,0.019328479527579157,1.205104906789171,1.211081798027013,1.2296115844198214,1.2426022839514352,1.2556841602962172,1.2746650024276687,1.2808695462381123
132,928.7,4631.5,0.0003105982358316296,1.4385357292541925,0.0211378016758394,1.3974013635087013,1.403944612534114,1.4242226274295464,1.4384321978337036,1.4527359692412904,1.4734800010430276,1.4802584539297743
133,928.7,5255.3,0.00031501446505132136,1.6554955181842093,0.02283648473508256,1.6110359405824115,1.6181127845111019,1.640035842769745,1.6553905145466519,1.6708407267962522,1.6932364287444266,1.7005518213749493
134,951.7,5984.4,0.0003125130219084774,1.8702029283090922,0.02417566480384682,1.8231161847273276,1.830615957604493,1.853840406549711,1.8700987583333835,1.8864518919972455,1.9101452321622217,1.9178816600330628
135,586.1,5908.6,0.0003029351984473122,1.7899229135457888,0.023285846624513887,1.7445710929647251,1.751794099018236,1.7741622930756804,1.7898219361591141,1.8055734562645087,1.828396171017604,1.835848579071291
136,593.6,5818.1,0.00028730932006654556,1.6715943550791688,0.02191494096694928,1.628914630268378,1.6357115620094118,1.6567612140503583,1.671498586281321,1.6863230963645093,1.7078038241328868,1.7148183248982785
137,415.0,5336.200000000001,0.0002680477454322419,1.4303563791755294,0.019580699747522447,1.3922334226421915,1.3983021016440955,1.41710114760248,1.4302670309193561,1.4435142102192215,1.462715431670291,1.4689870932872793
138,427.3,4832.1,0.00024846358587829405,1.2006008933225047,0.017271525791417292,1.1669852689504432,1.1723337163767193,1.1889067224773444,1.20051807314298,1.212204780082111,1.2291505774018319,1.2346871767225847
139,409.0,4312.4,0.00023125333110092386,0.997256865039624,0.015186144079511344,0.9677122037367383,0.9724100410531902,0.9869723832346109,0.9971797816552765,1.007457316614203,1.0223666274656915,1.0272395835831802
140,466.7,3850.4,0.0002179836120106774,0.8393240996859123,0.013526230032686307,0.8130202399991177,0.8172000455385631,0.8301616228337748,0.839251439600301,0.8484073682913087,0.8616960040341175,0.8660408792993946
141,494.3,3393.0,0.00020920473991709927,0.7098316825387179,0.012186063865351659,0.6861461985043861,0.6899070299197757,0.701574738758418,0.709761948843474,0.7180126082531503,0.729994203216412,0.7339134559434797
142,445.4,3252.3,0.00020487378951524965,0.6663110256404464,0.011683735054285976,0.6436059859778107,0.6472101683195297,0.6583936845090096,0.6662427356217306,0.6741539225084592,0.6856448265218931,0.6894041503467103
143,462.0,3120.7000000000003,0.00020472263994643393,0.6388779424808364,0.011436467067596654,0.6166574082506381,0.6201837329711216,0.6311274174345907,0.6388097028968382,0.6465540782662842,0.6578049235292655,0.6614862750758576
144,454.4,3160.1,0.00020837327796446975,0.6584803956955209,0.011713655216302757,0.6357200475929699,0.6393323359299596,0.6505422519657861,0.6584109392388452,0.666342823621402,0.677865377860246,0.6816354575420257
145,463.6,3196.4,0.00021528225193791274,0.6881281900943443,0.012171351050128763,0.6644773357843496,0.6682312353210423,0.6798800923577091,0.6880564306742497,0.696298061516285,0.7082699228835145,0.7121868456659071
146,455.1,3242.5,0.00022474982892670953,0.7287513202948557,0.01279791914986114,0.7038814061040215,0.7078291623974224,0.7200789057403074,0.728676405054528,0.7373420683062111,0.7499290209968184,0.7540469699667466
147,446.6,3222.3999999999996,0.00023588912788888726,0.7601291257091503,0.013390526373017374,0.7341083089141298,0.7382385893187656,0.7510550054106989,0.7600504974460015,0.7691175318307677,0.782287870370549,0.786596778694987
148,434.1,3162.2,0.00024770102345566527,0.7832801763715047,0.01392908113766862,0.756215041843355,0.7605105602376294,0.7738406909897059,0.7831976109111608,0.7926296555748904,0.8063314309284676,0.8108145217350462
149,440.1,3156.8999999999996,0.0002592538670036298,0.8184385327437588,0.014566514837757052,0.7901350291638884,0.7946270403881327,0.8085670315783016,0.8183521164104598,0.8282158298221456,0.8425447992071663,0.8472331312620901
150,452.1,3146.9999999999995,0.00026990064792074695,0.8493773390065905,0.015140921178286304,0.8199581374497785,0.8246271236970782,0.8391164964788963,0.849287373818259,0.8595401087752127,0.8744344338983137,0.8793078032655335
151,468.6,3161.2,0.00027932678781876594,0.8830078416526829,0.015705022891661934,0.8524919758412373,0.8573351511837645,0.8723648249574603,0.8829147344690139,0.8935493604366703,0.9089981293382952,0.9140528258048133
152,451.0,3148.6,0.00028742707626181667,0.904992892317956,0.0161282194019264,0.8736552751306235,0.8786287408486504,0.8940629811545507,0.9048970850959497,0.9158183622101177,0.931683851086648,0.9368749718713991
153,482.6,3176.1,0.00029420548007847715,0.9344260252772513,0.016580508356637227,0.9022083749823759,0.9073217974989705,0.9231898303403101,0.9343279586138512,0.9455553158760589,0.9618647675138062,0.9672009781254164
154,507.3,3236.8,0.00029972991912872646,0.9701658022358619,0.01705249886220817,0.9370283082810149,0.94228836929032,0.9586102566931509,0.9700658940921747,0.9816124359925137,0.9983840310887981,1.0038710637255397
155,453.4,3256.1000000000004,0.00030410565791517366,0.9901984327375971,0.01735295207894728,0.9564762162360356,0.9618292978534188,0.9784394470591915,0.9900970660300185,1.0018469166166581,1.0189133388220564,1.0244967056534244
156,386.7,3202.7000000000003,0.00030737902990586423,0.9844428190795115,0.017395317724216895,0.9506406852002873,0.9560058798203517,0.9726546760334562,0.984340361298894,0.9961192709400003,1.0132292512991303,1.0188272097894524
157,497.7,3248.2999999999997,0.0003095664341252488,1.0055646479690457,0.017643385796218044,0.9712783814768956,0.9767209166577431,0.9936087881308722,1.0054614610403723,1.0174080217517765,1.0347603594242192,1.0404373149964043
158,406.1,3185.7999999999997,0.0003108261026007968,0.9902297976656182,0.01754392398203947,0.9561396786448246,0.9615503973319272,0.9783408042080703,0.990126190892204,1.0020058474030002,1.0192626102834457,1.0249087031104613
159,365.6,3100.4,0.0003114250384722041,0.9655421892792216,0.017340530944663077,0.9318512951747586,0.9371976980260263,0.9537902841213942,0.9654383829174308,0.9771809331648836,0.9942407736468493,0.9998230039830526
160,604.6,3222.4,0.0003116242683046582,1.0041780421849307,0.017689721525323207,0.9698029182993682,0.9752592766339243,0.9921905626269695,1.0040741693392805,1.0160522879627756,1.0334511276105158,1.039143464581753
161,608.0,3323.1,0.0003117734417625577,1.0360543243211555,0.017972596433086338,1.0011249033253729,1.0066703399109962,1.0238760114296832,1.035950401694007,1.0481193491395966,1.0657927983978819,1.071574326801457
162,727.6,3597.2999999999997,0.00031206080329414,1.1225763276900098,0.018716625512573845,1.0861888738341772,1.0919686476328843,1.1098960973032,1.1224723091359718,1.135143165370624,1.1535388245869322,1.1595549083443253
163,821.7,4032.3,0.00031222702814202445,1.2589930455770852,0.019826539210664317,1.2204303097428448,1.2265597586145602,1.245564124359167,1.2588889714306875,1.272308513406148,1.2917813389547987,1.2981472243597385
164,678.0,4212.6,0.00031162704953658174,1.3127601088778043,0.020226011951912613,1.2734138329427989,1.2796693840529014,1.2990618421689444,1.3126562346559865,1.3263451401113737,1.3462051581373815,1.3526966916890755
165,678.0,4484.5,0.00030922232036827645,1.3867074956915357,0.020707508529270693,1.3464151949095153,1.3528233764549948,1.3726848787789039,1.3866044229469032,1.4006177507978492,1.4209432054247861,1.4275855487412357
166,678.0,4796.9,0.00030412286293169646,1.4588469611970547,0.02106344497983304,1.4178521692544452,1.4243744352090533,1.4445851674445547,1.4587455881618494,1.472998245995,1.4936652797924181,1.5004178462316489
167,582.1,4774.400000000001,0.00029621969221441027,1.4142712985084804,0.020467901913773588,1.3744362462167152,1.3807738402527143,1.4004126155809486,1.4141725598367167,1.4280223442609437,1.4481055633209565,1.4546674730542375
168,572.7,4739.1,0.0002859569466912391,1.3551785660644513,0.019685596891463618,1.316867060273129,1.3229620244706743,1.3418493881196574,1.3550832482742123,1.3684038360154063,1.3877202452807018,1.394031753562586
169,441.6,4453.1,0.000274254844840007,1.2212842495570353,0.01830145137326024,1.1856745277898477,1.1913377632432893,1.208890784324739,1.221192832492063,1.2335780590927263,1.2515425677877272,1.2574134855007266
170,530.9,4162.3,0.0002624362985692494,1.0923386055347868,0.016931311243398868,1.0594031077733617,1.0646390718727188,1.0808714279292635,1.092251128014154,1.1037104220605165,1.120336532994315,1.1257712293316398
171,541.9,4026.2000000000003,0.0002518075483650293,1.0138275512272812,0.01597777926182055,0.9827508577098539,0.9876903760312549,1.0030054400969757,1.0137436166133404,1.02455816349222,1.040251035055132,1.045381236745368
172,541.9,3890.1000000000004,0.00024341473871747267,0.9469076750848405,0.015181939412352626,0.9173828384280885,0.9220747556175234,0.9366238665865132,0.9468265380747248,0.9571030344619603,0.972017360314381,0.9768936051893833
173,541.9,3754.0000000000005,0.00023777103439893293,0.8925924631335943,0.014568206247028703,0.8642651720901542,0.868765832021627,0.8827236340715345,0.8925132073733717,0.9023748938826022,0.9166894429054185,0.9213701566182927
174,577.6,3749.5,0.00023484825711252256,0.8805635400434033,0.014380501126734987,0.8526013681989003,0.8570439858509616,0.8708218416157859,0.8804852585283787,0.8902199022030797,0.9043501196565101,0.9089705777907873
175,509.7,3686.5,0.00023434194808836424,0.8639015916277548,0.014228435681363097,0.8362369871406221,0.8406318797284551,0.8542625547678665,0.8638234789008393,0.8734554762282064,0.8874377532023161,0.8920101027865005
176,642.3,3887.2,0.00023580287865075566,0.9166129498912173,0.014701699636195465,0.8880221356911053,0.8925656034980862,0.9066544263603581,0.9165343501300289,0.9264857902084255,0.9409284072586929,0.9456504386082031
177,535.1,3891.399999999999,0.0002386876775039766,0.9288292282389743,0.01488959674692944,0.8998728823696225,0.9044744673041214,0.9187434513306534,0.9287496668915196,0.9388282736881414,0.9534553802064843,0.958237713224573
178,561.1,3910.5999999999995,0.00024235102916472662,0.9477379346515797,0.015155370791942466,0.9182641593931922,0.9229481066128465,0.9374722363274904,0.9476571521994609,0.9579155703626149,0.972803319020854,0.9776707884482316
179,561.1,3929.7999999999997,0.0002460622517861354,0.9669754370691549,0.015425179203727869,0.9369763706427747,0.9417439333060232,0.9565270875597429,0.966893417555503,0.9773343754166476,0.9924867168910139,0.9974406121372459
180,561.1,3948.9999999999995,0.0002493018269551842,0.9844929146460222,0.015666393402621024,0.9540241526371445,0.9588664988031198,0.9738812851982926,0.9844098152841722,0.9950139557644146,1.0104027900067483,1.015433921972633
181,626.1,3997.4999999999995,0.00025181688057957484,1.0066379801168504,0.015921320172207747,0.97567195566031,0.9805936799698151,0.995853950136987,1.0065540424010886,1.0173305078538393,1.0329685994789544,1.038081014190634
182,709.6,4197.4,0.00025354926382709683,1.0642476799878562,0.016426783488882317,1.0322925947357633,1.0373729380470742,1.0531223968966086,1.0641631647598944,1.0752808312523054,1.091410711072744,1.0966830568734232
183,719.6,4274.7,0.0002545337524873749,1.0880554317577815,0.01664171962146878,1.0556800084243927,1.0608277070424597,1.076784995052976,1.087970588349902,1.0992333788705548,1.1155725650623436,1.1209130117647328
184,795.0,4534.6,0.00025472141861907665,1.155059744870065,0.017152797346295785,1.1216827865946657,1.1269914572340025,1.1434445437893985,1.154974838840202,1.1665823880638566,1.1834176546845019,1.1889192157753388
185,836.3,4809.8,0.0002539616520321064,1.2215047539440254,0.01761293176267643,1.187225208634697,1.192679157014918,1.2095793200960512,1.221420101103074,1.2333379058843095,1.2506191093822263,1.2562653731122435
186,836.9,5085.599999999999,0.00025210281369733855,1.2820940693391847,0.017978306992180303,1.247096619561952,1.2526664020930536,1.2699225157809761,1.2820100360472206,1.2941740163491813,1.3118083817399169,1.3175690722067637
187,836.9,5361.4,0.00024892760080157323,1.3346004389375545,0.018226872614177454,1.2991127789978725,1.304762085983891,1.3222617906500636,1.334517463987811,1.3468486343774737,1.3647218269299832,1.3705596375711546
188,904.1,5639.400000000001,0.0002442712614783305,1.377543351980897,0.018343779663129993,1.341822123130241,1.3475100281279997,1.3651266790314076,1.3774619290827337,1.3898712639896724,1.407854416671355,1.4137272994187455
189,924.3,5854.1,0.00023814752857203488,1.3941394470135495,0.018221165269846497,1.3586527139108746,1.36430429702337,1.3818065715861334,1.3940600653076403,1.4063857866367562,1.424245375141566,1.4300772988390342
190,781.7,5916.2,0.00023076737085704632,1.3652659194644574,0.0177498965280235,1.3306958467833805,1.3362017198582101,1.3532522370581697,1.3651889977780418,1.3771957477862224,1.3945925058583726,1.4002731308202627
191,828.9,5950.099999999999,0.0002225088333634448,1.3239498093958328,0.017163639693270824,1.2905209371262962,1.2958451987353035,1.3123330374887623,1.3238756405234398,1.3354857281218853,1.3523074167466549,1.357800176363282
192,1057.1,6170.9,0.00021390666561989428,1.3199966428738055,0.01680345442183214,1.2872655455972641,1.2924795621862022,1.3086243552942578,1.3199253413366892,1.3312912030089465,1.3477569395057558,1.3531329400834526
193,1056.7,6390.7,0.00020555484150669084,1.313639325616809,0.0164324351017772,1.2816274764734532,1.2867277395798662,1.3025187855491016,1.313570807971695,1.3246851730149396,1.3407846314857892,1.346040554124143
194,1056.7,6610.5,0.00019784021990552762,1.3078227736854904,0.01608539539903805,1.2764837793578885,1.2814776042807645,1.2969376930375416,1.3077568275367284,1.3186359649026789,1.3343928913115142,1.33953653382864
195,692.3,6398.7,0.0001908220461546167,1.2210130267295458,0.015264213184503602,1.1912768644719234,1.1960145825610096,1.2106830943231268,1.2209494199699378,1.231273619935934,1.246228439259037,1.251110660249364
196,1071.3,6545.7,0.00018439487787822015,1.2069935521274655,0.014918559871661312,1.1779287522230366,1.1825599823039032,1.1968979140061768,1.2069320877246559,1.2170221864758768,1.2316367825370091,1.2364076484963962
197,1071.3,6835.3,0.00017855908227944428,1.2205048951046855,0.014762528035111806,1.19174036419929,1.1963246337161808,1.2105155444795306,1.2204453759266314,1.230429362481729,1.244888181736393,1.2496076679715271
198,1263.0,7269.400000000001,0.00017343760177836618,1.2607873023676552,0.014787424592377873,1.2319691028475648,1.236563153586681,1.2507820743508897,1.2607294903050335,1.270729508089774,1.285208653259367,1.2899340425070103
199,1430.0,7642.3,0.00016896214146867023,1.2912593737460185,0.01477071254136446,1.2624696729742209,1.2670601496280405,1.2812662185068797,1.2912030534689338,1.301191132911424,1.3156507113542937,1.3203691374846354
200,1430.0,8015.6,0.00016483493436813916,1.3212508999212564,0.014757652434325896,1.2924828717397627,1.2970707934571009,1.3112672921928015,1.32119595534936,1.3311746112563119,1.345618427216637,1.3503311730872698
201,1434.1,8393.0,0.0001606881348969596,1.3486555161901819,0.014721173170474446,1.3199550435123024,1.3245330382067677,1.3386972560679231,1.3486019538567486,1.3585553867225542,1.372960700060923,1.3776603787392072
202,2021.6,9722.300000000001,0.00015626722780930395,1.519276868930396,0.015408218085896637,1.4892255968109207,1.4940217561815825,1.50885598649105,1.5192247801719643,1.5296409681376255,1.5447096610560096,1.5496241567892157
203,1539.9,10190.9,0.0001514638660908839,1.5435531129455886,0.015290275406393359,1.5137284402732465,1.518489251327763,1.533212643973326,1.5435026252838189,1.5538385440742999,1.5687891924532091,1.5736647024857928
204,2216.0,11335.6,0.00014609548081284378,1.656079932302072,0.015554606840874282,1.625732072947101,1.630578207068099,1.6455621341070479,1.6560312340630576,1.6665446433349453,1.6817477715376543,1.6867045394300393
205,1826.6,11899.2,0.00013993938166666908,1.6651666903280289,0.015265071143510542,1.6353804644613992,1.6401376916122725,1.654845288510875,1.6651200440997846,1.6754372419260193,1.6903548034516658,1.695218002586454
206,2064.0,12533.2,0.00013302374661507203,1.6672132210760209,0.0148922445948794,1.6381511554568962,1.6427935172875847,1.657144531808468,1.6671688800368087,1.6772335730637338,1.6917841760654422,1.696527272914981
207,2536.7,13639.900000000001,0.00012555973075477358,1.7126221715220364,0.014664118750915875,1.6840001354182312,1.6885734357992526,1.7027086930244901,1.71258031846029,1.7224900249394566,1.7368136717301335,1.7414820549083696
208,2532.6,14738.4,0.0001179355270365995,1.738180971676218,0.014317586702360961,1.7102308868800165,1.714697875681113,1.7285025979912636,1.7381416599919393,1.7478164906953102,1.761798163290127,1.7663544613449196
209,2454.9,15171.7,0.00011046650894112526,1.6759647337020702,0.013606541560606441,1.6494011846917427,1.6536469420247903,1.6667673005468544,1.6759279116762507,1.6851220262295314,1.6984081285525234,1.7027375390781776
210,2454.1,16085.9,0.0001032823596223123,1.6613897086485534,0.013099322477191273,1.635813472157654,1.6399021176658877,1.6525356847090131,1.6613552813221768,1.6702062024798476,1.682994734271395,1.6871615926461234
211,1778.0,15647.9,9.649014128900994e-05,1.5098680818762986,0.012070102922013982,1.4863026380026805,1.4900695365119692,1.5017094847667298,1.509835918617676,1.5179916169971763,1.5297763389474297,1.5336163067520994
212,1776.9,15598.199999999999,9.02243696233173e-05,1.4073377622584278,0.011268369999554356,1.3853377430040745,1.3888543784262497,1.3997210581947872,1.4073076875828134,1.414921681151151,1.4259237334569963,1.4295086932788879
213,3186.4,16720.6,8.463005661177567e-05,1.4150653245828562,0.01094335682178041,1.3936970091493113,1.3971133461001304,1.407668846653915,1.4150371146639664,1.4224310501566209,1.4331135295804558,1.4365939545409283
214,3228.1,17412.0,7.986712356705676e-05,1.3906463555495923,0.010538829361781906,1.3700663797106838,1.373357048086938,1.383523586570191,1.3906197332656773,1.3977401028937435,1.4080264739634434,1.411377623525585
215,3927.7,18807.1,7.591490297771482e-05,1.4277391717921804,0.010410892406709728,1.4074061955672867,1.4106580448719854,1.420703406699928,1.427713866904256,1.4347473513736035,1.4449066159081072,1.448215953514421
216,3697.3,20049.5,7.257118619345038e-05,1.4550159975855834,0.010275808331962616,1.4349446072421246,1.438155155204468,1.4480719477910027,1.4549918072616852,1.4619336768822688,1.4719593552852128,1.4752248594608053
217,4195.4,21790.799999999996,6.959311806668918e-05,1.5164897171676102,0.01027313233311854,1.4964207439647543,1.499631575290974,1.5095480083418857,1.5164665195246743,1.5234061376402586,1.5334269882392126,1.5366905205882744
218,4977.1,24989.899999999994,6.675555923000704e-05,1.6682147496019524,0.010552848360770873,1.6475948470390658,1.6508948929797849,1.6610848846964776,1.668192497801643,1.6753203572386006,1.6856105090646034,1.688961107249408
219,5850.1,29063.1,6.389097069196988e-05,1.8568696703177896,0.010892070771211583,1.835582182706441,1.8389902046155273,1.84951151800107,1.8568483733709837,1.8642046062733586,1.8748217817694588,1.8782781866712113
220,4712.4,30589.1,6.0837850946291946e-05,1.860975106381219,0.010640381860477582,1.8401780235832235,1.8435078910773242,1.8537872670649933,1.860954827136857,1.8681408387595657,1.8785114959618012,1.8818874344071306
221,4197.9,31558.9,5.742317505307527e-05,1.812212239182497,0.0102011264399527,1.7922728427483765,1.7954655886342719,1.8053212905301297,1.8121930981600884,1.8190823217021919,1.829024181432408,1.8322604124269712
222,5050.6,32681.800000000003,5.3637847702205755e-05,1.7529814110339481,0.00969670820174747,1.7340270663441872,1.7370622974387873,1.7464313718038282,1.7529635317838002,1.759511959622069,1.7689615123149025,1.7720373619904923
223,5224.6,34209.1,4.973243521804418e-05,1.701301849617595,0.00919836311647055,1.6833205395537716,1.6862002150080815,1.6950886451919926,1.7012852721679057,1.7074969825276198,1.716460031357293,1.7193773679278963
224,5438.0,35451.7,4.6013576611827636e-05,1.6312595139695296,0.008663722330488765,1.6143225540596817,1.6170351661674336,1.6254075919381836,1.6312441761362975,1.6370947158235214,1.645536180461424,1.6482836374913565
225,5669.4,36144.0,4.266780491048881e-05,1.5421851406847076,0.008111821911173213,1.526326713339588,1.5288666822584187,1.536706075267189,1.5421709181063894,1.5476487016935294,1.5555521135686645,1.5581243937427915
226,5819.3,36113.200000000004,3.974967088278744e-05,1.4354878145242795,0.007553818119573169,1.4207202879760008,1.4230855286651851,1.430385645261782,1.4354745646557276,1.4405755397547253,1.4479352968430221,1.4503306389579431
227,6045.7,37446.5,3.725011669188022e-05,1.3948864947024928,0.007208306645779965,1.3807937878788659,1.3830511003429464,1.390017821479958,1.3948740780165785,1.3997416321670844,1.4067642434626748,1.409049764505731
228,6045.7,39294.299999999996,3.5146614154251345e-05,1.3810616005613985,0.006967039485906784,1.3674397737375592,1.3696218565153486,1.376356039881656,1.3810498850410153,1.3857543898419222,1.3925413072709285,1.3947500057012847
229,4493.6,38737.299999999996,3.339891805331552e-05,1.293783908306699,0.0065735061217156955,1.2809317360615302,1.282990473959392,1.2893440984489974,1.2937727753510457,1.298211581834536,1.3046153181383728,1.3066993482013067
230,6884.0,40396.700000000004,3.1931720949924465e-05,1.2899361516978138,0.006417934343636901,1.277387503018613,1.2793977739099445,1.2856015386536237,1.2899255078064447,1.29425916155378,1.3005108367288496,1.302545288716123
231,7107.1,42065.8,3.0678843210357074e-05,1.2905300827182387,0.006292215036532206,1.2782266510925222,1.280197780688062,1.2862804925503388,1.2905198564515747,1.2947685249614216,1.3008972674370562,1.3028916293577226
232,7461.7,43858.1,2.9601072152735314e-05,1.2982467825818806,0.006199152900458475,1.2861247271648406,1.2880669398012161,1.2940601566782006,1.2982369155711617,1.3024226521950382,1.3084602825976144,1.3104249113920423
233,7717.6,45756.399999999994,2.8649628288125993e-05,1.310903851802808,0.006128369120379667,1.2989196276114834,1.3008398956172706,1.3067651407895449,1.3108943019390802,1.3150321522556767,1.3210003834071773,1.3229423470681925
234,7803.3,47514.00000000001,2.7772481708672816e-05,1.3195816959058804,0.006053763995453202,1.3077428631613766,1.3096399542811927,1.315493463850858,1.3195724384235237,1.3236598361330234,1.3295550156108877,1.3314731381461893
235,7934.9,49403.200000000004,2.6927397251358034e-05,1.3302995918882914,0.00598510698100673,1.3185945229210394,1.320470299332603,1.3262578210588978,1.3302906160999743,1.3343315779717888,1.3401595016412158,1.3420556695082657
236,7946.4,52856.00000000001,2.60884971110532e-05,1.3789336033018282,0.005997858394966817,1.36720274613983,1.36908285810584,1.3748833832507283,1.3789249071458742,1.3829743434414223,1.388814011844455,1.390713879990091
237,8385.1,54357.1,2.524542137682342e-05,1.3722678943221283,0.005885871323266278,1.3607557283745746,1.362600871148208,1.368293360942318,1.3722594791908436,1.376233254142806,1.3819636222429459,1.3838278827565949
238,8598.1,55848.1,2.4389021936998076e-05,1.3620805360396622,0.005763663077716238,1.3508070818392413,1.3526140396704562,1.3581885858429958,1.3620724063743095,1.3659636238711221,1.3715747634064979,1.373400190448278
239,8653.9,57040.3,2.3513870778225398e-05,1.3412382433512102,0.00561584390247578,1.3302536796935978,1.3320143894214422,1.3374461540947993,1.341230405402427,1.3450217882503583,1.3504888332078921,1.3522673494163644
240,8860.4,58183.1,2.2636085349065483e-05,1.317037617473212,0.0054600893689621495,1.3063574949033743,1.3080694570150913,1.3133507419704047,1.317030072119114,1.3207162675839688,1.3260315157922098,1.3277606196596483
241,9361.6,59741.4,2.1782993825432173e-05,1.3013465473226737,0.005324211096968008,1.2909319324537012,1.292601400812352,1.297751474738528,1.3013392863319342,1.3049337045067781,1.3101164617055983,1.3118024257952823
242,9257.6,61064.1,2.097976167484407e-05,1.2811102648888457,0.0051843406559141485,1.270969029538736,1.2725947273041092,1.2776096789031508,1.2811032716417408,1.284603227348925,1.2896496570492557,1.291291242278073
243,9245.9,62363.6,2.0240384626080127e-05,1.2622632506670106,0.005054571563729857,1.2523756570999967,1.2539607431428244,1.2588503264673243,1.2622565038785463,1.2656688200121748,1.2705887720749152,1.2721891856694403
244,10140.1,64118.6,1.9566903678556724e-05,1.2546024702039071,0.004954663024803925,1.244910055237366,1.24646391397823,1.2512570551895867,1.254595947908709,1.2579407750897447,1.2627632745471469,1.2643319508295854
245,10463.6,65984.1,1.8955319840783738e-05,1.2507497199062583,0.004869123225139595,1.2412243800054892,1.2427515157535551,1.2474621113002633,1.250743401471986,1.2540304406179477,1.2587694767890838,1.2603109669417416
246,9226.7,66556.9,1.8397647067557786e-05,1.2244903561107368,0.0047463397907601896,1.215205138692142,1.2166937952041004,1.2212856646908348,1.2244842235671745,1.2276883622807502,1.2323078356580635,1.2338104242627097
247,11717.6,69414.1,1.788268746795545e-05,1.2413106561694065,0.0047114722237237274,1.2320932895910708,1.2335711538709404,1.238129575706159,1.2413046952786726,1.2444852385060141,1.2490704915857358,1.250561897992683
248,12142.9,72195.4,1.7402717251560703e-05,1.2563961330633255,0.004675971199617818,1.247247892075367,1.2487147512740506,1.2532390845005177,1.2563903321623364,1.2595468579085163,1.2640973022314421,1.265577340088079
249,12120.0,75057.8,1.6951781340239803e-05,1.2723634134794513,0.004644225055983482,1.2632769661879493,1.2647339925189036,1.269227858939729,1.2723577628901324,1.2754928081602592,1.2800121090925802,1.2814819725992694
250,12122.7,77934.59999999999,1.651670607514048e-05,1.287222881283643,0.004610930706848389,1.278201277169243,1.2796479767758846,1.2841098621563674,1.2872173757191376,1.2903298986473724,1.2948165657516586,1.2962757730626222
251,11589.9,79384.4,1.6083036297931073e-05,1.2767421866894795,0.0045314336508026675,1.2678759828328248,1.2692977962469196,1.273682866048768,1.276736825681382,1.27979566315143,1.2842048639977703,1.285638856708775
252,11838.7,80759.5,1.564128763286862e-05,1.2631825685866531,0.0044449749029763525,1.2544854020077139,1.2558801385880245,1.2601816434949322,1.2631773548279346,1.2661778100200831,1.270502783170532,1.2719093645223547
253,13653.6,85186.40000000001,1.5191986482828124e-05,1.2941506373207898,0.004434040932255908,1.2854744748608853,1.2868659360834072,1.2911571683460965,1.2941455733288183,1.2971385859018583,1.3014526122759422,1.3028555780257352
254,11528.1,84996.90000000002,1.4745761437854013e-05,1.253344010357134,0.004299012883940862,1.2449320751125705,1.2462811565205683,1.2504416973100403,1.2533390951067485,1.2562409651578028,1.2604236305409646,1.2617838785606725
255,11001.4,83855.4,1.4309788245629136e-05,1.1999530172525295,0.0041437994137732415,1.1918448816864144,1.1931452187702416,1.1971554731686005,1.1999482473264849,1.2027453615120196,1.206777086368107,1.208088259911424
256,11007.9,82743.29999999999,1.3887733315804885e-05,1.1491168840696382,0.003994825257085448,1.1413003325394873,1.1425538861020927,1.1464198980703164,1.149112254828515,1.1518088236089499,1.1556956727819645,1.1569597431918155
257,11005.1,81625.7,1.3494757916756567e-05,1.1015190612857964,0.0038554809132901645,1.093975247263415,1.0951850407501518,1.0989161328886556,1.1015145630364234,1.1041170860205693,1.1078684257419633,1.109088438484938
258,12329.9,82365.7,1.3151048384690316e-05,1.083195305938887,0.0037742752785762373,1.0758103262482648,1.0769946611056391,1.0806472121848443,1.0831909222592462,1.0857386209260895,1.0894109038853104,1.0906051977160522
259,12245.0,82772.0,1.2870920690330985e-05,1.0653518473800763,0.0037029797643150252,1.0581063388193814,1.0592683137623782,1.0628518924821682,1.065347557076251,1.0678471253026203,1.0714500155979025,1.0726217373803428
260,12796.0,81914.4,1.265661841871205e-05,1.0367593037977463,0.0036224117518881857,1.0296715025741616,1.0308081708325012,1.0343137300713434,1.036755084927992,1.039200278420997,1.0427248276952887,1.0438710805069837
261,13531.1,83917.40000000001,1.2498625188430186e-05,1.0488521293875714,0.0036206642544293084,1.0417676033676069,1.0429037807673962,1.0464077629036719,1.0488479631821173,1.0512919541790549,1.054814689297507,1.0559603316064425
262,14714.7,87630.7,1.238483771606168e-05,1.0852919984448863,0.003666219479965729,1.0781180778249457,1.0792686532004383,1.0828169259415348,1.0852878701684392,1.0877625706031968,1.09132942559991,1.0924893797164916
263,14703.6,91326.40000000001,1.2302535107518458e-05,1.1235462422432738,0.0037178578630870647,1.1162710341055866,1.117437912405786,1.1210363549948015,1.1235421414008988,1.1260516590532754,1.129668560411294,1.1308447551272123
264,14703.6,95024.90000000001,1.2231640135637155e-05,1.1623103807249073,0.003770538728476672,1.154931852663275,1.1561153580681607,1.1597649735270474,1.1623063035140715,1.1648513432456273,1.1685193111029177,1.1697120792368445
265,15972.6,98667.60000000002,1.2147020043526288e-05,1.1985173148466346,0.003815548957352713,1.191050488036218,1.1922482086461654,1.1959415639614035,1.1985132658423852,1.2010886518034438,1.2048002325532166,1.206007151811782
266,17503.0,103925.6,1.202726174067982e-05,1.2499403927571948,0.0038772877458268322,1.242352446481708,1.243569666935147,1.247323021283395,1.249936383672234,1.2525533938196096,1.2563247939171494,1.2575511223295606
267,18110.4,109240.0,1.1860208294697256e-05,1.2956091541127281,0.003919973780051785,1.2879373862779266,1.2891681207609222,1.2929630215231902,1.295605200712108,1.2982509769938315,1.3020636728582737,1.3033033887950587
268,19899.0,115607.9,1.1641601881353794e-05,1.3458611461393613,0.003958279885371544,1.3381140923816606,1.339356980247799,1.3431892159906793,1.3458572656073897,1.3485288460156337,1.352378548863322,1.3536302526382484
269,20558.3,121451.50000000001,1.1371303146396635e-05,1.381061824084591,0.003962886910521342,1.3733054844329966,1.3745499263266732,1.3783868354571955,1.3810580336520584,1.3837326806593615,1.3875866513378503,1.3888397044498522
270,20558.3,127306.20000000001,1.1052503967449482e-05,1.4070522805809174,0.0039435327960509504,1.399333572061334,1.400572035942371,1.4043904038245372,1.407048596414643,1.4097101411283477,1.4135450922313217,1.4147919259119353
271,20558.3,133160.9,1.0691784815469487e-05,1.4237276886342507,0.003901562518107733,1.4160908984036926,1.4173162735566602,1.4210941857326846,1.423724124707565,1.426357306403251,1.4301512605759747,1.4313847323647217
272,25214.7,142403.0,1.0299982992908933e-05,1.4667484781392108,0.0038868347507591485,1.4591401823617403,1.4603610649449832,1.4641249799054117,1.466745044812975,1.469368233611473,1.473147602708039,1.474376285225182
273,25002.6,149902.6,9.890024145478955e-06,1.4825403334700735,0.003829146079044968,1.475044716817185,1.476247576285949,1.479955819923853,1.4825370367966617,1.4851212532236568,1.4888443358941033,1.490054684844873
274,25713.3,157505.5,9.471369514379027e-06,1.491792791047026,0.003758898876385637,1.4844344595630676,1.485615341888484,1.4892557343774588,1.491789633925042,1.4943264060527066,1.4979810094233883,1.499169064193761
275,27284.9,164891.39999999997,9.048764357082863e-06,1.492063423109493,0.0036744156435466343,1.4848702751759082,1.4860246959356287,1.4895834261027712,1.4920604068557912,1.4945401320166225,1.4981124389871947,1.4992737121631359
276,29759.6,174092.7,8.627628384399152e-06,1.5020071200366865,0.0035998276712084624,1.4949597626865465,1.496090839422751,1.4995775081710434,1.502004244161537,1.5044335968331637,1.5079332105109853,1.5090708207472596
277,29763.1,183297.50000000003,8.21456124856795e-06,1.5057085404593842,0.003516921242805341,1.4988232852292303,1.4999283936579046,1.503334922996337,1.5057058022731864,1.5080791729516894,1.511498027452219,1.5126093565751124
278,29772.0,192511.2,7.814837929470586e-06,1.504443827607898,0.003428845970111243,1.497730817904738,1.4988083242198331,1.502129688469628,1.5044412226627233,1.5067551270250472,1.5100882166905842,1.511171640998974
279,36721.6,204018.1,7.430832774501661e-06,1.5160243840715573,0.0033563855082666865,1.5094530303187652,1.5105078489578017,1.5137591883743666,1.5160219071280185,1.5182868795856508,1.521549368255205,1.5226098140896103
280,38709.6,217725.1,7.063535514310134e-06,1.5379089762067255,0.003295917879925491,1.5314557887154439,1.5324916924193543,1.5356846318773998,1.5379066216955284,1.5401307538197395,1.5433342914366082,1.5443755441904499
281,39978.0,231989.80000000002,6.712669607145314e-06,1.5572708796277202,0.0032331787614930056,1.5509403260189822,1.5519565927989083,1.55508891579143,1.5572686420717559,1.5594504042437438,1.5625927989545585,1.5636141490820272
282,40837.3,245542.2,6.375745717528892e-06,1.5655146301226228,0.003159323218465173,1.5593285114160278,1.560321633095659,1.563382542176824,1.565512504874563,1.5676444012780262,1.5707148765555727,1.5717128264382862
283,41812.6,257595.19999999998,6.049408418084604e-06,1.5582985713381872,0.0030703069057249704,1.5522866121444838,1.5532518074027515,1.5562265831582172,1.5582965548691783,1.5603683613107373,1.563352213624798,1.5643219899586316
284,46860.7,274692.8,5.73210618012554e-06,1.5745682965159888,0.003004262415883314,1.568685481441264,1.569629985515628,1.5725409121969414,1.574566385814341,1.5765935979274661,1.5795131250858492,1.5804619699503162
285,53464.7,298385.5,5.425338180828424e-06,1.6188422457555798,0.0029635732899045667,1.6130388891735223,1.6139706878125408,1.6168423614477165,1.6188404373098786,1.620840158627834,1.623719972464181,1.62465587958518
286,43270.0,304933.9,5.131133940148409e-06,1.5646566837918212,0.002833454254948237,1.5591080770656065,1.5599989852304572,1.562744616814178,1.5646549734141737,1.5665668862404916,1.5693202166000864,1.5702150104529404
287,43561.7,309786.0,4.848345887239049e-06,1.501949679024236,0.002698512840276504,1.496665284667412,1.4975137784551251,1.5001286799555411,1.5019480629092494,1.5037689163222345,1.506391092302112,1.5072432576290529
288,44419.6,314227.6,4.577277876956458e-06,1.4383070418091228,0.002565839239458229,1.4332824260950336,1.434089215680456,1.436575578907177,1.4383055160501184,1.4400368414398728,1.4425300724344414,1.443340328285627
289,45876.7,319267.0,4.324548035605099e-06,1.3806854776835331,0.002443530370244006,1.37590034348631,1.376668687960999,1.3790365567153762,1.3806840361677888,1.3823328272163509,1.3847071845416303,1.3854788038956856
290,47481.3,324935.69999999995,4.097620483121174e-06,1.3314631800173167,0.0023357719920747,1.3268890333453147,1.3276235079511074,1.3298869821436594,1.3314618141440715,1.3330378889155687,1.3353075111959456,1.3360450888341782
291,42437.7,320512.7,3.900310100633751e-06,1.2500989211913953,0.002208115361369092,1.2457747899834533,1.2464691133647237,1.2486088622189113,1.2500976210882688,1.2515875628862627,1.253733163782893,1.2544304407780396
292,53741.1,320789.1,3.7323039696476292e-06,1.1972824313496901,0.002113911533464874,1.193142777072662,1.193807479458331,1.1958559423814843,1.197281187248597,1.198707564089612,1.20076162697807,1.2014291557504913
293,49069.4,326588.5,3.5918717587082107e-06,1.1730640098688765,0.0020526800744892094,1.16904423398306,1.169689694867422,1.1716788463696166,1.1730628125785076,1.1744478681694888,1.176442408931899,1.1770905898569892
294,47046.3,330073.1,3.4774926500114912e-06,1.1478267792165078,0.001997888682637691,1.1439142841109502,1.1445425229629094,1.1464785927022467,1.1478256200524994,1.1491737020946982,1.1511149894793427,1.1517458617554068
295,46224.3,331877.8,3.385946657181866e-06,1.1237205275028719,0.001950604461110707,1.1199006210303502,1.1205139947929228,1.1224042503226594,1.1237193988541876,1.1250355743125942,1.1269309101316318,1.1275468479926676
296,42735.0,328736.1,3.3123634072946097e-06,1.0888934282967415,0.0018991605372726402,1.085174280350332,1.0857714714586784,1.0876118628727471,1.0888923241758048,1.0901737900886082,1.0920191513873365,1.0926188508712593
297,37490.4,318745.2,3.252233771079704e-06,1.0366339038095544,0.0018361306571743805,1.0330382352032517,1.0336155877105349,1.035394862316426,1.0366328197318322,1.0378717635202088,1.0396559177919598,1.0402357331400247
298,42067.3,318374.8,3.2028582266998624e-06,1.0197093473539234,0.0018072034949100945,1.0161703281631793,1.0167385841154508,1.0184898258958592,1.0197082797347132,1.0209277049713827,1.022683752334366,1.0232544337364702
299,28040.7,292674.4,3.164100790126356e-06,0.9260513002897572,0.0017117592269195925,0.9226993117471705,0.9232375069012895,0.9248961620750684,0.9260502455897074,0.9272052887473755,0.9288686913518209,0.9294092826056048
300,26466.6,270071.6,3.136960435389576e-06,0.8472039239223593,0.0016302285698794636,0.8440117068573456,0.8445242211379327,0.846103782254261,0.8472028782691102,0.8483029256955571,0.8498871935209628,0.8504020833483903
301,29812.1,252837.40000000002,3.123518716655115e-06,0.7897423511704161,0.0015705970250882342,0.7866669970843191,0.7871607259413413,0.7886824328318097,0.7897413099977546,0.7908011344985384,0.7923275279299986,0.7928236221547033
302,28713.6,235326.7,3.1288626654665197e-06,0.7363049258174401,0.0015178264040361412,0.7333330053504437,0.7338101036205786,0.7352805997801116,0.7363038828634808,0.7373281149024515,0.738803305620976,0.7392827733055721
303,26994.6,219586.30000000002,3.158159867346187e-06,0.6934886400790401,0.0014799148595639239,0.6905910526724799,0.691056193536299,0.6924898797024666,0.6934875873593683,0.6944862528574375,0.6959246775401562,0.6963922100044496
304,26884.9,208980.80000000002,3.214541706976417e-06,0.6717774975572972,0.0014695090281131927,0.6689003586580192,0.6693621991953611,0.6707857455993343,0.6717764260436988,0.6727680814293229,0.6741964509453319,0.6746607257797389
305,24825.6,191739.1,3.2993435347612857e-06,0.6326131599459477,0.001444717321579751,0.6297846923052665,0.6302386886221326,0.63163811439418,0.6326120601651093,0.6335870065969078,0.6349913827178838,0.6354478775501449
306,22815.4,186513.8,3.4122930026333813e-06,0.6364397346345619,0.001473675287534999,0.6335546174668877,0.634017695980675,0.6354451367549651,0.6364385972039224,0.6374330925702901,0.6388656531633201,0.6393313157264451
307,22092.4,182139.59999999998,3.552339794218504e-06,0.6470217491830406,0.0015160610500068192,0.6440536901657596,0.6445300718555067,0.645998537148124,0.6470205650701611,0.6480436703845213,0.6495174656226306,0.6499965374158267
308,16991.9,169319.4,3.7180463644918054e-06,0.6295373796079338,0.0015299180257657518,0.6265423184889776,0.6270230039297933,0.6285047911653834,0.6295361402595794,0.6305686170033784,0.6320559828111502,0.6325394838409913
